{
  "type": "FeatureCollection",
  "features": [
    {
      "type": "Feature",
      "geometry": {
        "type": "LineString",
        "coordinates": [
          [
            24.015718,
            59.480862
          ],
          [
            24.100607,
            59.483935
          ],
          [
            24.225242,
            59.489912
          ],
          [
            24.303937,
            59.493022
          ],
          [
            24.38135,
            59.493987
          ],
          [
            24.432597,
            59.494025
          ],
          [
            24.565852,
            59.486913
          ],
          [
            24.654382,
            59.450178
          ],
          [
            24.664893,
            59.452878
          ],
          [
            24.667263,
            59.454533
          ]
        ]
      },
      "properties": {
        "mmsi": 209184000,
        "points": 10,
        "start": "2026-09-30T04:56:04.295233",
        "end": "2026-09-30T07:32:48.428687"
      }
    },
    {
      "type": "Feature",
      "geometry": {
        "type": "LineString",
        "coordinates": [
          [
            24.704347,
            59.458633
          ],
          [
            24.704332,
            59.458638
          ],
          [
            24.70434,
            59.458697
          ],
          [
            24.704335,
            59.45864
          ],
          [
            24.704308,
            59.458655
          ],
          [
            24.704345,
            59.458628
          ],
          [
            24.704345,
            59.458628
          ],
          [
            24.704308,
            59.458672
          ],
          [
            24.704347,
            59.458653
          ],
          [
            24.704357,
            59.458633
          ],
          [
            24.704333,
            59.458653
          ]
        ]
      },
      "properties": {
        "mmsi": 209325000,
        "points": 11,
        "start": "2026-09-30T04:46:46.576420",
        "end": "2026-09-30T07:32:48.428687"
      }
    },
    {
      "type": "Feature",
      "geometry": {
        "type": "LineString",
        "coordinates": [
          [
            24.702395,
            59.45636
          ],
          [
            24.70241,
            59.45642
          ],
          [
            24.702413,
            59.456358
          ],
          [
            24.702383,
            59.456395
          ],
          [
            24.702372,
            59.456352
          ],
          [
            24.702448,
            59.456413
          ],
          [
            24.702413,
            59.456397
          ],
          [
            24.70237,
            59.45639
          ],
          [
            24.702405,
            59.456343
          ],
          [
            24.702397,
            59.456385
          ],
          [
            24.70233,
            59.456442
          ]
        ]
      },
      "properties": {
        "mmsi": 209336000,
        "points": 11,
        "start": "2026-09-30T04:46:46.576420",
        "end": "2026-09-30T07:32:48.428687"
      }
    },
    {
      "type": "Feature",
      "geometry": {
        "type": "LineString",
        "coordinates": [
          [
            24.67155,
            59.451113
          ],
          [
            24.671558,
            59.45112
          ],
          [
            24.671587,
            59.45112
          ],
          [
            24.671598,
            59.45114
          ],
          [
            24.671578,
            59.45112
          ],
          [
            24.671587,
            59.45112
          ],
          [
            24.671595,
            59.45112
          ],
          [
            24.67159,
            59.45112
          ],
          [
            24.671598,
            59.45112
          ],
          [
            24.671623,
            59.451147
          ],
          [
            24.671615,
            59.451113
          ]
        ]
      },
      "properties": {
        "mmsi": 209658000,
        "points": 11,
        "start": "2026-09-30T04:46:46.576420",
        "end": "2026-09-30T07:32:48.428687"
      }
    },
    {
      "type": "Feature",
      "geometry": {
        "type": "LineString",
        "coordinates": [
          [
            24.758513,
            59.621508
          ],
          [
            24.823838,
            59.607648
          ],
          [
            24.894573,
            59.570682
          ],
          [
            24.958638,
            59.521337
          ],
          [
            24.967035,
            59.502855
          ],
          [
            24.962117,
            59.493923
          ],
          [
            24.965543,
            59.491557
          ],
          [
            24.967837,
            59.491195
          ],
          [
            24.967822,
            59.491182
          ],
          [
            24.967785,
            59.491217
          ],
          [
            24.967852,
            59.491228
          ]
        ]
      },
      "properties": {
        "mmsi": 210028000,
        "points": 11,
        "start": "2026-09-30T04:46:46.576420",
        "end": "2026-09-30T07:32:48.428687"
      }
    },
    {
      "type": "Feature",
      "geometry": {
        "type": "LineString",
        "coordinates": [
          [
            26.896157,
            60.408295
          ],
          [
            26.92175,
            60.419747
          ],
          [
            26.925008,
            60.426093
          ],
          [
            26.921268,
            60.428173
          ],
          [
            26.921248,
            60.428187
          ],
          [
            26.921277,
            60.428187
          ],
          [
            26.921278,
            60.428183
          ],
          [
            26.92127,
            60.428177
          ],
          [
            26.92123,
            60.428177
          ],
          [
            26.921215,
            60.4282
          ],
          [
            26.92124,
            60.42818
          ]
        ]
      },
      "properties": {
        "mmsi": 210048000,
        "points": 11,
        "start": "2026-09-30T04:46:46.576420",
        "end": "2026-09-30T07:32:48.428687"
      }
    },
    {
      "type": "Feature",
      "geometry": {
        "type": "LineString",
        "coordinates": [
          [
            24.710965,
            59.460935
          ],
          [
            24.711008,
            59.460932
          ],
          [
            24.710973,
            59.460903
          ],
          [
            24.71099,
            59.46093
          ],
          [
            24.710988,
            59.460953
          ],
          [
            24.710992,
            59.46093
          ],
          [
            24.71099,
            59.460938
          ],
          [
            24.710973,
            59.46092
          ],
          [
            24.710968,
            59.46097
          ],
          [
            24.710963,
            59.460945
          ]
        ]
      },
      "properties": {
        "mmsi": 210051000,
        "points": 10,
        "start": "2026-09-30T04:46:46.576420",
        "end": "2026-09-30T07:32:48.428687"
      }
    },
    {
      "type": "Feature",
      "geometry": {
        "type": "LineString",
        "coordinates": [
          [
            24.650082,
            59.462503
          ],
          [
            24.650098,
            59.462497
          ],
          [
            24.650053,
            59.462482
          ],
          [
            24.650043,
            59.462468
          ],
          [
            24.650078,
            59.462482
          ],
          [
            24.65005,
            59.462473
          ],
          [
            24.650088,
            59.462493
          ],
          [
            24.650065,
            59.462478
          ],
          [
            24.650068,
            59.462458
          ],
          [
            24.65006,
            59.462465
          ],
          [
            24.650065,
            59.462473
          ]
        ]
      },
      "properties": {
        "mmsi": 210056000,
        "points": 11,
        "start": "2026-09-30T04:46:46.576420",
        "end": "2026-09-30T07:32:48.428687"
      }
    },
    {
      "type": "Feature",
      "geometry": {
        "type": "LineString",
        "coordinates": [
          [
            25.186367,
            60.21593
          ],
          [
            25.186383,
            60.21593
          ],
          [
            25.186315,
            60.215913
          ],
          [
            25.186358,
            60.215927
          ],
          [
            25.186363,
            60.215912
          ],
          [
            25.18638,
            60.215913
          ],
          [
            25.186478,
            60.215953
          ],
          [
            25.186338,
            60.215932
          ],
          [
            25.186385,
            60.215932
          ],
          [
            25.186402,
            60.215898
          ],
          [
            25.186543,
            60.215977
          ]
        ]
      },
      "properties": {
        "mmsi": 212006000,
        "points": 11,
        "start": "2026-09-30T04:46:46.576420",
        "end": "2026-09-30T07:32:48.428687"
      }
    },
    {
      "type": "Feature",
      "geometry": {
        "type": "LineString",
        "coordinates": [
          [
            24.707912,
            59.459182
          ],
          [
            24.70789,
            59.459187
          ],
          [
            24.707917,
            59.459127
          ],
          [
            24.707962,
            59.459202
          ],
          [
            24.707928,
            59.459172
          ],
          [
            24.707945,
            59.459187
          ],
          [
            24.707935,
            59.459195
          ],
          [
            24.707922,
            59.459155
          ],
          [
            24.707977,
            59.45917
          ],
          [
            24.70802,
            59.459122
          ],
          [
            24.707887,
            59.45907
          ]
        ]
      },
      "properties": {
        "mmsi": 212673000,
        "points": 11,
        "start": "2026-09-30T04:46:46.576420",
        "end": "2026-09-30T07:32:48.428687"
      }
    },
    {
      "type": "Feature",
      "geometry": {
        "type": "LineString",
        "coordinates": [
          [
            24.386903,
            59.721682
          ],
          [
            24.429573,
            59.729403
          ],
          [
            24.488498,
            59.743065
          ],
          [
            24.577892,
            59.753407
          ],
          [
            24.634965,
            59.758412
          ],
          [
            24.690478,
            59.765155
          ],
          [
            24.724232,
            59.770628
          ],
          [
            24.843447,
            59.784283
          ],
          [
            25.07485,
            59.806162
          ],
          [
            25.191593,
            59.819595
          ],
          [
            25.386377,
            59.840487
          ]
        ]
      },
      "properties": {
        "mmsi": 219034372,
        "points": 11,
        "start": "2026-09-30T04:46:46.576420",
        "end": "2026-09-30T07:32:48.428687"
      }
    },
    {
      "type": "Feature",
      "geometry": {
        "type": "LineString",
        "coordinates": [
          [
            26.9088,
            60.421833
          ],
          [
            26.9088,
            60.421833
          ],
          [
            26.908817,
            60.421833
          ],
          [
            26.9088,
            60.421833
          ],
          [
            26.9088,
            60.421833
          ],
          [
            26.9088,
            60.421833
          ],
          [
            26.9088,
            60.421833
          ],
          [
            26.9088,
            60.421833
          ],
          [
            26.9088,
            60.421833
          ],
          [
            26.908817,
            60.421833
          ],
          [
            26.908817,
            60.421833
          ]
        ]
      },
      "properties": {
        "mmsi": 219115000,
        "points": 11,
        "start": "2026-09-30T04:46:46.576420",
        "end": "2026-09-30T07:32:48.428687"
      }
    },
    {
      "type": "Feature",
      "geometry": {
        "type": "LineString",
        "coordinates": [
          [
            26.90472,
            60.424113
          ],
          [
            26.90473,
            60.424117
          ],
          [
            26.904717,
            60.424123
          ],
          [
            26.904693,
            60.424127
          ],
          [
            26.904685,
            60.424122
          ],
          [
            26.904697,
            60.424117
          ],
          [
            26.9047,
            60.424133
          ],
          [
            26.904738,
            60.424118
          ],
          [
            26.904685,
            60.424122
          ],
          [
            26.90469,
            60.424128
          ],
          [
            26.904708,
            60.424122
          ]
        ]
      },
      "properties": {
        "mmsi": 228492900,
        "points": 11,
        "start": "2026-09-30T04:46:46.576420",
        "end": "2026-09-30T07:32:48.428687"
      }
    },
    {
      "type": "Feature",
      "geometry": {
        "type": "LineString",
        "coordinates": [
          [
            26.152232,
            59.907615
          ],
          [
            26.152488,
            59.90766
          ],
          [
            26.1522,
            59.907625
          ],
          [
            26.152495,
            59.907613
          ],
          [
            26.152197,
            59.907707
          ],
          [
            26.152333,
            59.907592
          ],
          [
            26.152382,
            59.90765
          ],
          [
            26.152058,
            59.907908
          ],
          [
            26.151468,
            59.908343
          ],
          [
            26.151068,
            59.908385
          ],
          [
            26.150937,
            59.908823
          ]
        ]
      },
      "properties": {
        "mmsi": 229177000,
        "points": 11,
        "start": "2026-09-30T04:46:46.576420",
        "end": "2026-09-30T07:32:48.428687"
      }
    },
    {
      "type": "Feature",
      "geometry": {
        "type": "LineString",
        "coordinates": [
          [
            24.970187,
            60.16871
          ],
          [
            24.970203,
            60.168713
          ],
          [
            24.970195,
            60.168708
          ],
          [
            24.970228,
            60.168722
          ],
          [
            24.970205,
            60.168722
          ],
          [
            24.970175,
            60.168695
          ],
          [
            24.970162,
            60.168687
          ],
          [
            24.970182,
            60.168703
          ],
          [
            24.970228,
            60.168718
          ],
          [
            24.970177,
            60.168698
          ],
          [
            24.970208,
            60.168707
          ]
        ]
      },
      "properties": {
        "mmsi": 230014910,
        "points": 11,
        "start": "2026-09-30T04:46:46.576420",
        "end": "2026-09-30T07:32:48.428687"
      }
    },
    {
      "type": "Feature",
      "geometry": {
        "type": "LineString",
        "coordinates": [
          [
            24.666885,
            59.45483
          ],
          [
            24.666887,
            59.454815
          ],
          [
            24.666958,
            59.454852
          ],
          [
            24.642162,
            59.455825
          ],
          [
            24.59817,
            59.477978
          ],
          [
            24.554888,
            59.499373
          ],
          [
            24.526898,
            59.513407
          ],
          [
            24.44754,
            59.556325
          ],
          [
            24.356735,
            59.629948
          ],
          [
            24.314335,
            59.66763
          ],
          [
            24.248698,
            59.732013
          ]
        ]
      },
      "properties": {
        "mmsi": 230015000,
        "points": 11,
        "start": "2026-09-30T04:46:46.576420",
        "end": "2026-09-30T07:32:48.428687"
      }
    },
    {
      "type": "Feature",
      "geometry": {
        "type": "LineString",
        "coordinates": [
          [
            26.961732,
            60.461433
          ],
          [
            26.961688,
            60.46144
          ],
          [
            26.961702,
            60.461442
          ],
          [
            26.961723,
            60.46147
          ],
          [
            26.961712,
            60.461453
          ],
          [
            26.961687,
            60.461438
          ],
          [
            26.961702,
            60.461438
          ],
          [
            26.961712,
            60.461458
          ],
          [
            26.961755,
            60.461437
          ],
          [
            26.961723,
            60.461443
          ],
          [
            26.9617,
            60.461443
          ]
        ]
      },
      "properties": {
        "mmsi": 230018360,
        "points": 11,
        "start": "2026-09-30T04:46:46.576420",
        "end": "2026-09-30T07:32:48.428687"
      }
    },
    {
      "type": "Feature",
      "geometry": {
        "type": "LineString",
        "coordinates": [
          [
            24.963102,
            60.17611
          ],
          [
            24.963113,
            60.176112
          ],
          [
            24.963088,
            60.176098
          ],
          [
            24.9631,
            60.176108
          ],
          [
            24.963112,
            60.17611
          ],
          [
            24.963108,
            60.176117
          ],
          [
            24.963125,
            60.176107
          ],
          [
            24.963127,
            60.176117
          ],
          [
            24.963128,
            60.176117
          ],
          [
            24.963117,
            60.17611
          ],
          [
            24.963122,
            60.176108
          ]
        ]
      },
      "properties": {
        "mmsi": 230024660,
        "points": 11,
        "start": "2026-09-30T04:46:46.576420",
        "end": "2026-09-30T07:32:48.428687"
      }
    },
    {
      "type": "Feature",
      "geometry": {
        "type": "LineString",
        "coordinates": [
          [
            24.969708,
            60.16906
          ],
          [
            24.969728,
            60.169085
          ],
          [
            24.969688,
            60.169022
          ],
          [
            24.969728,
            60.169027
          ],
          [
            24.969655,
            60.168988
          ],
          [
            24.96972,
            60.168992
          ],
          [
            24.96971,
            60.169028
          ],
          [
            24.969667,
            60.169038
          ],
          [
            24.969685,
            60.169037
          ],
          [
            24.969707,
            60.16904
          ],
          [
            24.969745,
            60.16902
          ]
        ]
      },
      "properties": {
        "mmsi": 230025470,
        "points": 11,
        "start": "2026-09-30T04:46:46.576420",
        "end": "2026-09-30T07:32:48.428687"
      }
    },
    {
      "type": "Feature",
      "geometry": {
        "type": "LineString",
        "coordinates": [
          [
            24.974497,
            60.105195
          ],
          [
            24.974525,
            60.105193
          ],
          [
            24.97448,
            60.105203
          ],
          [
            24.974543,
            60.105202
          ],
          [
            24.974525,
            60.105203
          ],
          [
            24.974528,
            60.105202
          ],
          [
            24.974485,
            60.105197
          ],
          [
            24.974505,
            60.105202
          ],
          [
            24.97451,
            60.105193
          ],
          [
            24.974515,
            60.1052
          ],
          [
            24.974517,
            60.105195
          ]
        ]
      },
      "properties": {
        "mmsi": 230033880,
        "points": 11,
        "start": "2026-09-30T04:46:46.576420",
        "end": "2026-09-30T07:32:48.428687"
      }
    },
    {
      "type": "Feature",
      "geometry": {
        "type": "LineString",
        "coordinates": [
          [
            24.911182,
            60.147207
          ],
          [
            24.911182,
            60.147207
          ],
          [
            24.911182,
            60.147207
          ],
          [
            24.911182,
            60.147207
          ],
          [
            24.910972,
            60.147228
          ],
          [
            24.922683,
            60.151597
          ],
          [
            24.922377,
            60.152178
          ],
          [
            24.914468,
            60.147432
          ],
          [
            24.920833,
            60.150978
          ],
          [
            24.913592,
            60.14729
          ],
          [
            24.911672,
            60.14731
          ]
        ]
      },
      "properties": {
        "mmsi": 230044260,
        "points": 11,
        "start": "2026-09-30T04:46:46.576420",
        "end": "2026-09-30T07:32:48.428687"
      }
    },
    {
      "type": "Feature",
      "geometry": {
        "type": "LineString",
        "coordinates": [
          [
            25.025335,
            60.185137
          ],
          [
            25.025313,
            60.185127
          ],
          [
            25.02531,
            60.185142
          ],
          [
            25.025342,
            60.185152
          ],
          [
            25.025347,
            60.18515
          ],
          [
            25.025345,
            60.185155
          ],
          [
            25.025345,
            60.185158
          ],
          [
            25.025343,
            60.185157
          ],
          [
            25.025337,
            60.185132
          ],
          [
            25.025342,
            60.18513
          ],
          [
            25.025352,
            60.185148
          ]
        ]
      },
      "properties": {
        "mmsi": 230044550,
        "points": 11,
        "start": "2026-09-30T04:46:46.576420",
        "end": "2026-09-30T07:32:48.428687"
      }
    },
    {
      "type": "Feature",
      "geometry": {
        "type": "LineString",
        "coordinates": [
          [
            26.4455,
            60.275147
          ],
          [
            26.4455,
            60.275142
          ],
          [
            26.445515,
            60.275145
          ],
          [
            26.445515,
            60.275147
          ],
          [
            26.445527,
            60.275148
          ],
          [
            26.445515,
            60.275145
          ],
          [
            26.445518,
            60.275148
          ],
          [
            26.445523,
            60.275145
          ],
          [
            26.445522,
            60.27514
          ],
          [
            26.44552,
            60.275138
          ],
          [
            26.445513,
            60.275138
          ]
        ]
      },
      "properties": {
        "mmsi": 230045240,
        "points": 11,
        "start": "2026-09-30T04:46:46.576420",
        "end": "2026-09-30T07:32:48.428687"
      }
    },
    {
      "type": "Feature",
      "geometry": {
        "type": "LineString",
        "coordinates": [
          [
            24.928432,
            60.160282
          ],
          [
            24.928418,
            60.160287
          ],
          [
            24.928428,
            60.160285
          ],
          [
            24.928418,
            60.160273
          ],
          [
            24.928432,
            60.160285
          ],
          [
            24.928412,
            60.160278
          ],
          [
            24.928452,
            60.160277
          ],
          [
            24.928432,
            60.160265
          ],
          [
            24.928482,
            60.160257
          ],
          [
            24.928422,
            60.160272
          ],
          [
            24.928432,
            60.160255
          ]
        ]
      },
      "properties": {
        "mmsi": 230047000,
        "points": 11,
        "start": "2026-09-30T04:46:46.576420",
        "end": "2026-09-30T07:32:48.428687"
      }
    },
    {
      "type": "Feature",
      "geometry": {
        "type": "LineString",
        "coordinates": [
          [
            24.962952,
            60.176185
          ],
          [
            24.962942,
            60.176178
          ],
          [
            24.962963,
            60.176177
          ],
          [
            24.96297,
            60.17618
          ],
          [
            24.962958,
            60.17617
          ],
          [
            24.962958,
            60.176177
          ],
          [
            24.962978,
            60.176175
          ],
          [
            24.962948,
            60.176175
          ],
          [
            24.962943,
            60.176182
          ],
          [
            24.962948,
            60.176183
          ],
          [
            24.962963,
            60.176175
          ]
        ]
      },
      "properties": {
        "mmsi": 230052800,
        "points": 11,
        "start": "2026-09-30T04:46:46.576420",
        "end": "2026-09-30T07:32:48.428687"
      }
    },
    {
      "type": "Feature",
      "geometry": {
        "type": "LineString",
        "coordinates": [
          [
            25.035667,
            60.148928
          ],
          [
            25.035682,
            60.148933
          ],
          [
            25.035688,
            60.148938
          ],
          [
            25.035687,
            60.148952
          ],
          [
            25.035688,
            60.148948
          ],
          [
            25.035685,
            60.148943
          ],
          [
            25.035698,
            60.14895
          ],
          [
            25.035697,
            60.148947
          ],
          [
            25.035697,
            60.148942
          ],
          [
            25.035705,
            60.148935
          ],
          [
            25.035688,
            60.148937
          ]
        ]
      },
      "properties": {
        "mmsi": 230055040,
        "points": 11,
        "start": "2026-09-30T04:46:46.576420",
        "end": "2026-09-30T07:32:48.428687"
      }
    },
    {
      "type": "Feature",
      "geometry": {
        "type": "LineString",
        "coordinates": [
          [
            24.34785,
            60.017477
          ],
          [
            24.347918,
            60.017475
          ],
          [
            24.347808,
            60.017477
          ],
          [
            24.347773,
            60.01749
          ],
          [
            24.34776,
            60.017482
          ],
          [
            24.347792,
            60.01746
          ],
          [
            24.347795,
            60.017465
          ],
          [
            24.347773,
            60.017463
          ],
          [
            24.347792,
            60.017462
          ],
          [
            24.347787,
            60.017467
          ],
          [
            24.347847,
            60.017483
          ]
        ]
      },
      "properties": {
        "mmsi": 230059740,
        "points": 11,
        "start": "2026-09-30T04:46:46.576420",
        "end": "2026-09-30T07:32:48.428687"
      }
    },
    {
      "type": "Feature",
      "geometry": {
        "type": "LineString",
        "coordinates": [
          [
            26.445462,
            60.275175
          ],
          [
            26.44545,
            60.27519
          ],
          [
            26.44545,
            60.275185
          ],
          [
            26.445435,
            60.275162
          ],
          [
            26.445455,
            60.275167
          ],
          [
            26.445453,
            60.275178
          ],
          [
            26.445435,
            60.275177
          ],
          [
            26.44543,
            60.275162
          ],
          [
            26.445442,
            60.275155
          ],
          [
            26.44542,
            60.275177
          ],
          [
            26.445427,
            60.275162
          ]
        ]
      },
      "properties": {
        "mmsi": 230060890,
        "points": 11,
        "start": "2026-09-30T04:46:46.576420",
        "end": "2026-09-30T07:32:48.428687"
      }
    },
    {
      "type": "Feature",
      "geometry": {
        "type": "LineString",
        "coordinates": [
          [
            25.009378,
            60.169132
          ],
          [
            25.009387,
            60.169145
          ],
          [
            25.0094,
            60.169142
          ],
          [
            25.009388,
            60.16914
          ],
          [
            25.00938,
            60.16914
          ],
          [
            25.009383,
            60.169142
          ],
          [
            25.009378,
            60.169132
          ],
          [
            25.009375,
            60.169148
          ],
          [
            25.00938,
            60.16915
          ],
          [
            25.009385,
            60.169147
          ],
          [
            25.00938,
            60.169143
          ]
        ]
      },
      "properties": {
        "mmsi": 230061040,
        "points": 11,
        "start": "2026-09-30T04:46:46.576420",
        "end": "2026-09-30T07:32:48.428687"
      }
    },
    {
      "type": "Feature",
      "geometry": {
        "type": "LineString",
        "coordinates": [
          [
            24.962475,
            60.176295
          ],
          [
            24.962485,
            60.176305
          ],
          [
            24.962493,
            60.176295
          ],
          [
            24.962502,
            60.1763
          ],
          [
            24.962457,
            60.1763
          ],
          [
            24.962488,
            60.176297
          ],
          [
            24.96249,
            60.176313
          ],
          [
            24.962477,
            60.176307
          ],
          [
            24.962485,
            60.176295
          ],
          [
            24.962473,
            60.176315
          ],
          [
            24.954213,
            60.167003
          ]
        ]
      },
      "properties": {
        "mmsi": 230087600,
        "points": 11,
        "start": "2026-09-30T04:46:46.576420",
        "end": "2026-09-30T07:32:48.428687"
      }
    },
    {
      "type": "Feature",
      "geometry": {
        "type": "LineString",
        "coordinates": [
          [
            26.259327,
            60.408863
          ],
          [
            26.259327,
            60.4089
          ],
          [
            26.259303,
            60.408888
          ],
          [
            26.259305,
            60.408868
          ],
          [
            26.259345,
            60.408873
          ],
          [
            26.259363,
            60.408853
          ],
          [
            26.259333,
            60.40887
          ],
          [
            26.259318,
            60.408872
          ],
          [
            26.259347,
            60.408865
          ],
          [
            26.259287,
            60.408893
          ],
          [
            26.259325,
            60.408857
          ]
        ]
      },
      "properties": {
        "mmsi": 230091450,
        "points": 11,
        "start": "2026-09-30T04:46:46.576420",
        "end": "2026-09-30T07:32:48.428687"
      }
    },
    {
      "type": "Feature",
      "geometry": {
        "type": "LineString",
        "coordinates": [
          [
            26.445667,
            60.275353
          ],
          [
            26.445672,
            60.275345
          ],
          [
            26.445687,
            60.275347
          ],
          [
            26.445683,
            60.275343
          ],
          [
            26.445677,
            60.275348
          ],
          [
            26.44569,
            60.275345
          ],
          [
            26.445667,
            60.275348
          ],
          [
            26.445677,
            60.275342
          ],
          [
            26.44567,
            60.275353
          ],
          [
            26.44572,
            60.275348
          ],
          [
            26.44571,
            60.275327
          ]
        ]
      },
      "properties": {
        "mmsi": 230093090,
        "points": 11,
        "start": "2026-09-30T04:46:46.576420",
        "end": "2026-09-30T07:32:48.428687"
      }
    },
    {
      "type": "Feature",
      "geometry": {
        "type": "LineString",
        "coordinates": [
          [
            26.253285,
            60.407322
          ],
          [
            26.253083,
            60.407145
          ],
          [
            26.253165,
            60.407213
          ],
          [
            26.25322,
            60.407227
          ],
          [
            26.253282,
            60.407265
          ],
          [
            26.253262,
            60.407308
          ],
          [
            26.253338,
            60.407335
          ],
          [
            26.253265,
            60.407235
          ],
          [
            26.253322,
            60.407272
          ],
          [
            26.25329,
            60.407298
          ],
          [
            26.253252,
            60.407338
          ]
        ]
      },
      "properties": {
        "mmsi": 230093590,
        "points": 11,
        "start": "2026-09-30T04:46:46.576420",
        "end": "2026-09-30T07:32:48.428687"
      }
    },
    {
      "type": "Feature",
      "geometry": {
        "type": "LineString",
        "coordinates": [
          [
            24.962113,
            60.171223
          ],
          [
            24.962133,
            60.171228
          ],
          [
            24.962142,
            60.171223
          ],
          [
            24.96217,
            60.171233
          ],
          [
            24.962188,
            60.17122
          ],
          [
            24.962162,
            60.171208
          ],
          [
            24.962167,
            60.171222
          ],
          [
            24.962147,
            60.17122
          ],
          [
            24.962182,
            60.1712
          ],
          [
            24.962147,
            60.171233
          ],
          [
            24.962138,
            60.17123
          ]
        ]
      },
      "properties": {
        "mmsi": 230108270,
        "points": 11,
        "start": "2026-09-30T04:46:46.576420",
        "end": "2026-09-30T07:32:48.428687"
      }
    },
    {
      "type": "Feature",
      "geometry": {
        "type": "LineString",
        "coordinates": [
          [
            24.992935,
            60.146542
          ],
          [
            24.995583,
            60.153477
          ],
          [
            24.980363,
            60.167433
          ],
          [
            24.993462,
            60.155285
          ],
          [
            24.992925,
            60.146535
          ],
          [
            24.992903,
            60.146533
          ],
          [
            24.99292,
            60.146547
          ],
          [
            24.980375,
            60.167412
          ],
          [
            24.995618,
            60.153005
          ],
          [
            24.980397,
            60.16739
          ],
          [
            24.992918,
            60.146537
          ]
        ]
      },
      "properties": {
        "mmsi": 230108590,
        "points": 11,
        "start": "2026-09-30T04:46:46.576420",
        "end": "2026-09-30T07:32:48.428687"
      }
    },
    {
      "type": "Feature",
      "geometry": {
        "type": "LineString",
        "coordinates": [
          [
            24.956362,
            60.167397
          ],
          [
            24.956448,
            60.167428
          ],
          [
            24.956387,
            60.167437
          ],
          [
            24.95641,
            60.167383
          ],
          [
            24.956373,
            60.16738
          ],
          [
            24.9564,
            60.167392
          ],
          [
            24.95633,
            60.167397
          ],
          [
            24.956357,
            60.167385
          ],
          [
            24.956415,
            60.167388
          ],
          [
            24.956345,
            60.167412
          ],
          [
            24.956382,
            60.167385
          ]
        ]
      },
      "properties": {
        "mmsi": 230108610,
        "points": 11,
        "start": "2026-09-30T04:46:46.576420",
        "end": "2026-09-30T07:32:48.428687"
      }
    },
    {
      "type": "Feature",
      "geometry": {
        "type": "LineString",
        "coordinates": [
          [
            25.661952,
            60.38933
          ],
          [
            25.661973,
            60.389322
          ],
          [
            25.661965,
            60.389327
          ],
          [
            25.661955,
            60.38933
          ],
          [
            25.661983,
            60.38933
          ],
          [
            25.661943,
            60.389323
          ],
          [
            25.661963,
            60.38934
          ],
          [
            25.661958,
            60.389333
          ],
          [
            25.661962,
            60.389308
          ],
          [
            25.661953,
            60.389335
          ],
          [
            25.66195,
            60.38933
          ]
        ]
      },
      "properties": {
        "mmsi": 230109840,
        "points": 11,
        "start": "2026-09-30T04:46:46.576420",
        "end": "2026-09-30T07:32:48.428687"
      }
    },
    {
      "type": "Feature",
      "geometry": {
        "type": "LineString",
        "coordinates": [
          [
            25.623307,
            60.206088
          ],
          [
            25.623302,
            60.206088
          ],
          [
            25.623307,
            60.206093
          ],
          [
            25.623298,
            60.20609
          ],
          [
            25.6233,
            60.206088
          ],
          [
            25.624578,
            60.206042
          ],
          [
            25.624575,
            60.206042
          ],
          [
            25.624548,
            60.206005
          ],
          [
            25.62413,
            60.206053
          ],
          [
            25.618418,
            60.206765
          ],
          [
            25.611785,
            60.205312
          ]
        ]
      },
      "properties": {
        "mmsi": 230111080,
        "points": 11,
        "start": "2026-09-30T04:46:46.576420",
        "end": "2026-09-30T07:32:48.428687"
      }
    },
    {
      "type": "Feature",
      "geometry": {
        "type": "LineString",
        "coordinates": [
          [
            25.183987,
            60.206135
          ],
          [
            25.183977,
            60.206127
          ],
          [
            25.183952,
            60.206122
          ],
          [
            25.184017,
            60.206132
          ],
          [
            25.18398,
            60.206128
          ],
          [
            25.18399,
            60.206138
          ],
          [
            25.183987,
            60.206128
          ],
          [
            25.18399,
            60.20613
          ],
          [
            25.183983,
            60.206127
          ],
          [
            25.183987,
            60.206148
          ],
          [
            25.18401,
            60.206132
          ]
        ]
      },
      "properties": {
        "mmsi": 230111190,
        "points": 11,
        "start": "2026-09-30T04:46:46.576420",
        "end": "2026-09-30T07:32:48.428687"
      }
    },
    {
      "type": "Feature",
      "geometry": {
        "type": "LineString",
        "coordinates": [
          [
            24.98006,
            60.167422
          ],
          [
            24.980077,
            60.167432
          ],
          [
            24.98006,
            60.167412
          ],
          [
            24.980075,
            60.167415
          ],
          [
            24.980077,
            60.167407
          ],
          [
            24.980055,
            60.167423
          ],
          [
            24.980082,
            60.167408
          ],
          [
            24.983348,
            60.16659
          ],
          [
            25.009843,
            60.137283
          ],
          [
            25.009862,
            60.137275
          ],
          [
            25.010122,
            60.137012
          ]
        ]
      },
      "properties": {
        "mmsi": 230112370,
        "points": 11,
        "start": "2026-09-30T04:46:46.576420",
        "end": "2026-09-30T07:32:48.428687"
      }
    },
    {
      "type": "Feature",
      "geometry": {
        "type": "LineString",
        "coordinates": [
          [
            24.962093,
            60.172138
          ],
          [
            24.962085,
            60.172137
          ],
          [
            24.962027,
            60.172168
          ],
          [
            24.962125,
            60.172125
          ],
          [
            24.962113,
            60.172143
          ],
          [
            24.962098,
            60.172122
          ],
          [
            24.962103,
            60.17213
          ],
          [
            24.962087,
            60.172122
          ],
          [
            24.962102,
            60.172128
          ],
          [
            24.962103,
            60.17212
          ],
          [
            24.962083,
            60.172147
          ]
        ]
      },
      "properties": {
        "mmsi": 230113760,
        "points": 11,
        "start": "2026-09-30T04:46:46.576420",
        "end": "2026-09-30T07:32:48.428687"
      }
    },
    {
      "type": "Feature",
      "geometry": {
        "type": "LineString",
        "coordinates": [
          [
            26.958563,
            60.472552
          ],
          [
            26.958547,
            60.472545
          ],
          [
            26.95859,
            60.472573
          ],
          [
            26.95861,
            60.472558
          ],
          [
            26.958583,
            60.472558
          ],
          [
            26.958587,
            60.472568
          ],
          [
            26.95861,
            60.47256
          ],
          [
            26.958563,
            60.472562
          ],
          [
            26.958588,
            60.47258
          ],
          [
            26.958542,
            60.472608
          ],
          [
            26.958532,
            60.472548
          ]
        ]
      },
      "properties": {
        "mmsi": 230113940,
        "points": 11,
        "start": "2026-09-30T04:46:46.576420",
        "end": "2026-09-30T07:32:48.428687"
      }
    },
    {
      "type": "Feature",
      "geometry": {
        "type": "LineString",
        "coordinates": [
          [
            24.97376,
            60.104965
          ],
          [
            24.973772,
            60.104968
          ],
          [
            24.973763,
            60.10497
          ],
          [
            24.973777,
            60.104968
          ],
          [
            24.973765,
            60.104972
          ],
          [
            24.973768,
            60.104968
          ],
          [
            24.973782,
            60.104958
          ],
          [
            24.973772,
            60.10496
          ],
          [
            24.973777,
            60.104958
          ],
          [
            24.973782,
            60.104962
          ],
          [
            24.973765,
            60.10496
          ]
        ]
      },
      "properties": {
        "mmsi": 230125910,
        "points": 11,
        "start": "2026-09-30T04:46:46.576420",
        "end": "2026-09-30T07:32:48.428687"
      }
    },
    {
      "type": "Feature",
      "geometry": {
        "type": "LineString",
        "coordinates": [
          [
            25.623822,
            60.205883
          ],
          [
            25.623772,
            60.205885
          ],
          [
            25.623863,
            60.205883
          ],
          [
            25.62387,
            60.205865
          ],
          [
            25.623863,
            60.205882
          ],
          [
            25.623852,
            60.205872
          ],
          [
            25.623873,
            60.205855
          ],
          [
            25.623855,
            60.20586
          ],
          [
            25.623847,
            60.20584
          ],
          [
            25.623917,
            60.205882
          ],
          [
            25.623835,
            60.20584
          ]
        ]
      },
      "properties": {
        "mmsi": 230125940,
        "points": 11,
        "start": "2026-09-30T04:46:46.576420",
        "end": "2026-09-30T07:32:48.428687"
      }
    },
    {
      "type": "Feature",
      "geometry": {
        "type": "LineString",
        "coordinates": [
          [
            24.890177,
            60.154208
          ],
          [
            24.89018,
            60.15421
          ],
          [
            24.890162,
            60.154242
          ],
          [
            24.906618,
            60.147923
          ],
          [
            24.933833,
            60.141487
          ],
          [
            24.96334,
            60.145663
          ],
          [
            24.968252,
            60.154002
          ],
          [
            24.969707,
            60.169165
          ],
          [
            24.9697,
            60.169163
          ],
          [
            24.969715,
            60.169168
          ],
          [
            24.969683,
            60.169158
          ]
        ]
      },
      "properties": {
        "mmsi": 230151360,
        "points": 11,
        "start": "2026-09-30T04:46:46.576420",
        "end": "2026-09-30T07:32:48.428687"
      }
    },
    {
      "type": "Feature",
      "geometry": {
        "type": "LineString",
        "coordinates": [
          [
            25.623708,
            60.205818
          ],
          [
            25.623692,
            60.205818
          ],
          [
            25.623708,
            60.205817
          ],
          [
            25.567092,
            60.10217
          ],
          [
            25.546813,
            60.020712
          ],
          [
            25.542115,
            60.030298
          ],
          [
            25.557872,
            60.068915
          ],
          [
            25.605397,
            60.183497
          ],
          [
            25.623707,
            60.205842
          ],
          [
            25.623692,
            60.205827
          ],
          [
            25.623723,
            60.20583
          ]
        ]
      },
      "properties": {
        "mmsi": 230151590,
        "points": 11,
        "start": "2026-09-30T04:46:46.576420",
        "end": "2026-09-30T07:32:48.428687"
      }
    },
    {
      "type": "Feature",
      "geometry": {
        "type": "LineString",
        "coordinates": [
          [
            26.248722,
            60.419957
          ],
          [
            26.248642,
            60.419898
          ],
          [
            26.24869,
            60.419907
          ],
          [
            26.248677,
            60.419935
          ],
          [
            26.248715,
            60.41992
          ],
          [
            26.248715,
            60.419913
          ],
          [
            26.248848,
            60.419935
          ],
          [
            26.248667,
            60.419945
          ],
          [
            26.24869,
            60.419912
          ],
          [
            26.248685,
            60.419903
          ],
          [
            26.2487,
            60.419937
          ]
        ]
      },
      "properties": {
        "mmsi": 230157930,
        "points": 11,
        "start": "2026-09-30T04:46:46.576420",
        "end": "2026-09-30T07:32:48.428687"
      }
    },
    {
      "type": "Feature",
      "geometry": {
        "type": "LineString",
        "coordinates": [
          [
            25.42259,
            60.16405
          ],
          [
            25.42689,
            60.175872
          ],
          [
            25.422833,
            60.197702
          ],
          [
            25.402457,
            60.231065
          ],
          [
            25.392542,
            60.252283
          ],
          [
            25.391783,
            60.252747
          ],
          [
            25.391782,
            60.252747
          ],
          [
            25.39346,
            60.251667
          ],
          [
            25.425308,
            60.19198
          ],
          [
            25.424565,
            60.173988
          ]
        ]
      },
      "properties": {
        "mmsi": 230162620,
        "points": 10,
        "start": "2026-09-30T04:46:46.576420",
        "end": "2026-09-30T07:06:43.439788"
      }
    },
    {
      "type": "Feature",
      "geometry": {
        "type": "LineString",
        "coordinates": [
          [
            24.983427,
            60.146013
          ],
          [
            24.983447,
            60.145987
          ],
          [
            24.983517,
            60.146013
          ],
          [
            24.98337,
            60.145987
          ],
          [
            24.983447,
            60.146007
          ],
          [
            24.983415,
            60.145993
          ],
          [
            24.983463,
            60.145987
          ],
          [
            24.983407,
            60.145987
          ],
          [
            24.983443,
            60.145973
          ],
          [
            24.983427,
            60.146007
          ],
          [
            24.983447,
            60.146007
          ]
        ]
      },
      "properties": {
        "mmsi": 230169030,
        "points": 11,
        "start": "2026-09-30T04:46:46.576420",
        "end": "2026-09-30T07:32:48.428687"
      }
    },
    {
      "type": "Feature",
      "geometry": {
        "type": "LineString",
        "coordinates": [
          [
            24.976955,
            60.113617
          ],
          [
            24.989103,
            60.132977
          ],
          [
            24.987757,
            60.13232
          ],
          [
            24.96431,
            60.169605
          ],
          [
            24.964347,
            60.169608
          ],
          [
            24.964305,
            60.169598
          ],
          [
            24.964315,
            60.169588
          ],
          [
            24.973817,
            60.105193
          ],
          [
            24.97416,
            60.105285
          ],
          [
            24.97418,
            60.105292
          ],
          [
            24.974167,
            60.105287
          ]
        ]
      },
      "properties": {
        "mmsi": 230180500,
        "points": 11,
        "start": "2026-09-30T04:46:46.576420",
        "end": "2026-09-30T07:32:48.428687"
      }
    },
    {
      "type": "Feature",
      "geometry": {
        "type": "LineString",
        "coordinates": [
          [
            24.004815,
            59.776217
          ],
          [
            24.088633,
            59.789937
          ],
          [
            24.206733,
            59.809312
          ],
          [
            24.379797,
            59.839642
          ],
          [
            24.48292,
            59.866055
          ],
          [
            24.584005,
            59.893062
          ],
          [
            24.647688,
            59.910758
          ],
          [
            24.829575,
            59.966963
          ],
          [
            24.97884,
            60.100037
          ],
          [
            24.990887,
            60.156335
          ],
          [
            24.959698,
            60.161418
          ]
        ]
      },
      "properties": {
        "mmsi": 230184000,
        "points": 11,
        "start": "2026-09-30T04:46:46.576420",
        "end": "2026-09-30T07:32:48.428687"
      }
    },
    {
      "type": "Feature",
      "geometry": {
        "type": "LineString",
        "coordinates": [
          [
            26.44526,
            60.275262
          ],
          [
            26.445305,
            60.27523
          ],
          [
            26.445293,
            60.275228
          ],
          [
            26.445287,
            60.275232
          ],
          [
            26.445297,
            60.275223
          ],
          [
            26.445302,
            60.275228
          ],
          [
            26.445297,
            60.27523
          ],
          [
            26.445305,
            60.275227
          ],
          [
            26.445297,
            60.27523
          ],
          [
            26.445302,
            60.275225
          ],
          [
            26.445285,
            60.275235
          ]
        ]
      },
      "properties": {
        "mmsi": 230193440,
        "points": 11,
        "start": "2026-09-30T04:46:46.576420",
        "end": "2026-09-30T07:32:48.428687"
      }
    },
    {
      "type": "Feature",
      "geometry": {
        "type": "LineString",
        "coordinates": [
          [
            25.623808,
            60.205707
          ],
          [
            25.623798,
            60.205678
          ],
          [
            25.623807,
            60.205695
          ],
          [
            25.623817,
            60.20569
          ],
          [
            25.623838,
            60.205697
          ],
          [
            25.623833,
            60.205702
          ],
          [
            25.623852,
            60.205702
          ],
          [
            25.623808,
            60.205702
          ],
          [
            25.623817,
            60.205695
          ],
          [
            25.623795,
            60.20571
          ],
          [
            25.623837,
            60.205702
          ]
        ]
      },
      "properties": {
        "mmsi": 230193670,
        "points": 11,
        "start": "2026-09-30T04:46:46.576420",
        "end": "2026-09-30T07:32:48.428687"
      }
    },
    {
      "type": "Feature",
      "geometry": {
        "type": "LineString",
        "coordinates": [
          [
            25.288982,
            60.239593
          ],
          [
            25.295602,
            60.215833
          ],
          [
            25.309567,
            60.1789
          ],
          [
            25.371908,
            60.17726
          ],
          [
            25.38221,
            60.116967
          ],
          [
            25.311455,
            60.136773
          ]
        ]
      },
      "properties": {
        "mmsi": 230197150,
        "points": 6,
        "start": "2026-09-30T05:48:55.078396",
        "end": "2026-09-30T07:32:48.428687"
      }
    },
    {
      "type": "Feature",
      "geometry": {
        "type": "LineString",
        "coordinates": [
          [
            26.943273,
            60.471445
          ],
          [
            26.943303,
            60.471417
          ],
          [
            26.94334,
            60.471452
          ],
          [
            26.943252,
            60.471452
          ],
          [
            26.943297,
            60.471463
          ],
          [
            26.9433,
            60.471457
          ],
          [
            26.943283,
            60.47147
          ],
          [
            26.943287,
            60.471443
          ],
          [
            26.9433,
            60.471438
          ],
          [
            26.943267,
            60.47145
          ],
          [
            26.943272,
            60.471468
          ]
        ]
      },
      "properties": {
        "mmsi": 230235000,
        "points": 11,
        "start": "2026-09-30T04:46:46.576420",
        "end": "2026-09-30T07:32:48.428687"
      }
    },
    {
      "type": "Feature",
      "geometry": {
        "type": "LineString",
        "coordinates": [
          [
            26.945487,
            60.477572
          ],
          [
            26.945473,
            60.477583
          ],
          [
            26.945463,
            60.47757
          ],
          [
            26.945485,
            60.477567
          ],
          [
            26.945492,
            60.4776
          ],
          [
            26.945463,
            60.47754
          ],
          [
            26.945472,
            60.477603
          ],
          [
            26.945432,
            60.477575
          ],
          [
            26.945443,
            60.477558
          ],
          [
            26.945428,
            60.47758
          ],
          [
            26.945482,
            60.47756
          ]
        ]
      },
      "properties": {
        "mmsi": 230245000,
        "points": 11,
        "start": "2026-09-30T04:46:46.576420",
        "end": "2026-09-30T07:32:48.428687"
      }
    },
    {
      "type": "Feature",
      "geometry": {
        "type": "LineString",
        "coordinates": [
          [
            24.974715,
            60.16984
          ],
          [
            24.974715,
            60.169857
          ],
          [
            24.974722,
            60.169867
          ],
          [
            24.974743,
            60.169855
          ],
          [
            24.974732,
            60.169862
          ],
          [
            24.974748,
            60.169837
          ],
          [
            24.974715,
            60.169842
          ],
          [
            24.974747,
            60.16986
          ],
          [
            24.974732,
            60.169857
          ],
          [
            24.974722,
            60.169847
          ],
          [
            24.974718,
            60.169887
          ]
        ]
      },
      "properties": {
        "mmsi": 230251000,
        "points": 11,
        "start": "2026-09-30T04:46:46.576420",
        "end": "2026-09-30T07:32:48.428687"
      }
    },
    {
      "type": "Feature",
      "geometry": {
        "type": "LineString",
        "coordinates": [
          [
            24.97441,
            60.170145
          ],
          [
            24.974408,
            60.170145
          ],
          [
            24.97441,
            60.170145
          ],
          [
            24.97441,
            60.170145
          ],
          [
            24.97441,
            60.170145
          ],
          [
            24.974408,
            60.170145
          ],
          [
            24.974408,
            60.170145
          ],
          [
            24.974408,
            60.170145
          ],
          [
            24.974412,
            60.170145
          ],
          [
            24.97441,
            60.170145
          ],
          [
            24.974412,
            60.170145
          ]
        ]
      },
      "properties": {
        "mmsi": 230252000,
        "points": 11,
        "start": "2026-09-30T04:46:46.576420",
        "end": "2026-09-30T07:32:48.428687"
      }
    },
    {
      "type": "Feature",
      "geometry": {
        "type": "LineString",
        "coordinates": [
          [
            25.547773,
            60.297828
          ],
          [
            25.548717,
            60.298292
          ],
          [
            25.55219,
            60.310952
          ],
          [
            25.552217,
            60.310947
          ],
          [
            25.552198,
            60.310935
          ],
          [
            25.552237,
            60.310945
          ],
          [
            25.552245,
            60.310947
          ],
          [
            25.552237,
            60.31096
          ],
          [
            25.552223,
            60.310947
          ],
          [
            25.552185,
            60.310942
          ],
          [
            25.55245,
            60.300298
          ]
        ]
      },
      "properties": {
        "mmsi": 230286000,
        "points": 11,
        "start": "2026-09-30T04:46:46.576420",
        "end": "2026-09-30T07:32:48.428687"
      }
    },
    {
      "type": "Feature",
      "geometry": {
        "type": "LineString",
        "coordinates": [
          [
            24.972738,
            60.169442
          ],
          [
            24.972752,
            60.169462
          ],
          [
            24.97276,
            60.169457
          ],
          [
            24.972775,
            60.16946
          ],
          [
            24.972755,
            60.169463
          ],
          [
            24.972763,
            60.16946
          ],
          [
            24.97276,
            60.169457
          ],
          [
            24.972745,
            60.169468
          ],
          [
            24.972713,
            60.16945
          ],
          [
            24.972735,
            60.169468
          ],
          [
            24.972757,
            60.16943
          ]
        ]
      },
      "properties": {
        "mmsi": 230290000,
        "points": 11,
        "start": "2026-09-30T04:46:46.576420",
        "end": "2026-09-30T07:32:48.428687"
      }
    },
    {
      "type": "Feature",
      "geometry": {
        "type": "LineString",
        "coordinates": [
          [
            24.960722,
            60.17113
          ],
          [
            24.96072,
            60.171123
          ],
          [
            24.960738,
            60.171117
          ],
          [
            24.96073,
            60.171125
          ],
          [
            24.960723,
            60.171123
          ],
          [
            24.960723,
            60.17113
          ],
          [
            24.960732,
            60.171125
          ],
          [
            24.960733,
            60.171122
          ],
          [
            24.960738,
            60.171137
          ],
          [
            24.960723,
            60.171122
          ],
          [
            24.960743,
            60.17112
          ]
        ]
      },
      "properties": {
        "mmsi": 230298000,
        "points": 11,
        "start": "2026-09-30T04:46:46.576420",
        "end": "2026-09-30T07:32:48.428687"
      }
    },
    {
      "type": "Feature",
      "geometry": {
        "type": "LineString",
        "coordinates": [
          [
            26.951432,
            60.473608
          ],
          [
            26.951412,
            60.473582
          ],
          [
            26.951425,
            60.473575
          ],
          [
            26.951388,
            60.473583
          ],
          [
            26.951435,
            60.473568
          ],
          [
            26.969125,
            60.467592
          ],
          [
            26.970453,
            60.451775
          ],
          [
            26.970818,
            60.405767
          ]
        ]
      },
      "properties": {
        "mmsi": 230302000,
        "points": 8,
        "start": "2026-09-30T04:46:46.576420",
        "end": "2026-09-30T06:18:06.753566"
      }
    },
    {
      "type": "Feature",
      "geometry": {
        "type": "LineString",
        "coordinates": [
          [
            24.704505,
            59.456533
          ],
          [
            24.704497,
            59.45648
          ],
          [
            24.704513,
            59.456493
          ],
          [
            24.704452,
            59.4565
          ],
          [
            24.704508,
            59.4565
          ],
          [
            24.704452,
            59.456493
          ],
          [
            24.704447,
            59.45648
          ],
          [
            24.704537,
            59.456533
          ],
          [
            24.70446,
            59.45648
          ],
          [
            24.704463,
            59.45646
          ],
          [
            24.704452,
            59.45648
          ]
        ]
      },
      "properties": {
        "mmsi": 230351000,
        "points": 11,
        "start": "2026-09-30T04:46:46.576420",
        "end": "2026-09-30T07:32:48.428687"
      }
    },
    {
      "type": "Feature",
      "geometry": {
        "type": "LineString",
        "coordinates": [
          [
            24.145783,
            59.808213
          ],
          [
            24.225022,
            59.821928
          ],
          [
            24.339342,
            59.841537
          ],
          [
            24.50429,
            59.87365
          ],
          [
            24.606475,
            59.89786
          ],
          [
            24.702273,
            59.925555
          ],
          [
            24.763138,
            59.944008
          ],
          [
            24.938213,
            59.998717
          ],
          [
            24.993525,
            60.141133
          ],
          [
            24.963257,
            60.164735
          ],
          [
            24.96381,
            60.164713
          ]
        ]
      },
      "properties": {
        "mmsi": 230361000,
        "points": 11,
        "start": "2026-09-30T04:46:46.576420",
        "end": "2026-09-30T07:32:48.428687"
      }
    },
    {
      "type": "Feature",
      "geometry": {
        "type": "LineString",
        "coordinates": [
          [
            24.904395,
            60.051735
          ],
          [
            24.89867,
            60.097505
          ],
          [
            24.907515,
            60.146383
          ],
          [
            24.9119,
            60.149182
          ],
          [
            24.911877,
            60.149187
          ],
          [
            24.911902,
            60.149182
          ],
          [
            24.906553,
            60.144647
          ],
          [
            24.907698,
            60.038875
          ],
          [
            24.857143,
            59.85337
          ],
          [
            24.802412,
            59.759483
          ],
          [
            24.659937,
            59.616253
          ]
        ]
      },
      "properties": {
        "mmsi": 230628000,
        "points": 11,
        "start": "2026-09-30T04:46:46.576420",
        "end": "2026-09-30T07:32:48.428687"
      }
    },
    {
      "type": "Feature",
      "geometry": {
        "type": "LineString",
        "coordinates": [
          [
            24.972262,
            60.1699
          ],
          [
            24.972257,
            60.1699
          ],
          [
            24.972257,
            60.1699
          ],
          [
            24.972262,
            60.169887
          ],
          [
            24.972257,
            60.169887
          ],
          [
            24.972253,
            60.169887
          ],
          [
            24.972257,
            60.169887
          ],
          [
            24.972262,
            60.169887
          ],
          [
            24.97225,
            60.1699
          ],
          [
            24.972257,
            60.1699
          ],
          [
            24.972253,
            60.169887
          ]
        ]
      },
      "properties": {
        "mmsi": 230661000,
        "points": 11,
        "start": "2026-09-30T04:46:46.576420",
        "end": "2026-09-30T07:32:48.428687"
      }
    },
    {
      "type": "Feature",
      "geometry": {
        "type": "LineString",
        "coordinates": [
          [
            25.083618,
            59.740528
          ],
          [
            25.083452,
            59.686127
          ],
          [
            25.060883,
            59.610178
          ],
          [
            24.983495,
            59.519143
          ],
          [
            24.959497,
            59.493737
          ],
          [
            24.963345,
            59.491095
          ],
          [
            24.96334,
            59.491093
          ],
          [
            24.963345,
            59.491093
          ],
          [
            25.03108,
            59.566055
          ],
          [
            25.079585,
            59.653638
          ],
          [
            25.091268,
            59.804925
          ]
        ]
      },
      "properties": {
        "mmsi": 230685000,
        "points": 11,
        "start": "2026-09-30T04:46:46.576420",
        "end": "2026-09-30T07:32:48.428687"
      }
    },
    {
      "type": "Feature",
      "geometry": {
        "type": "LineString",
        "coordinates": [
          [
            26.916897,
            60.437378
          ],
          [
            26.916878,
            60.437378
          ],
          [
            26.916873,
            60.437375
          ],
          [
            26.916863,
            60.437365
          ],
          [
            26.916868,
            60.437373
          ],
          [
            26.916863,
            60.437373
          ],
          [
            26.916867,
            60.437372
          ],
          [
            26.916878,
            60.437378
          ],
          [
            26.916868,
            60.43737
          ],
          [
            26.916875,
            60.437373
          ],
          [
            26.916862,
            60.437367
          ]
        ]
      },
      "properties": {
        "mmsi": 230686000,
        "points": 11,
        "start": "2026-09-30T04:46:46.576420",
        "end": "2026-09-30T07:32:48.428687"
      }
    },
    {
      "type": "Feature",
      "geometry": {
        "type": "LineString",
        "coordinates": [
          [
            25.190727,
            60.216505
          ],
          [
            25.190727,
            60.216502
          ],
          [
            25.190732,
            60.216505
          ],
          [
            25.19073,
            60.216503
          ],
          [
            25.19073,
            60.216502
          ],
          [
            25.190727,
            60.216503
          ],
          [
            25.190723,
            60.216502
          ],
          [
            25.190728,
            60.216502
          ],
          [
            25.190722,
            60.2165
          ],
          [
            25.190718,
            60.216507
          ],
          [
            25.190727,
            60.216498
          ]
        ]
      },
      "properties": {
        "mmsi": 230697000,
        "points": 11,
        "start": "2026-09-30T04:46:46.576420",
        "end": "2026-09-30T07:32:48.428687"
      }
    },
    {
      "type": "Feature",
      "geometry": {
        "type": "LineString",
        "coordinates": [
          [
            24.746495,
            59.681087
          ],
          [
            24.778698,
            59.725642
          ],
          [
            24.824465,
            59.789037
          ],
          [
            24.892363,
            59.882923
          ],
          [
            24.934585,
            59.94263
          ],
          [
            24.949887,
            60.004495
          ],
          [
            24.959468,
            60.043558
          ],
          [
            24.997995,
            60.145227
          ],
          [
            24.966517,
            60.163603
          ],
          [
            24.966517,
            60.163603
          ],
          [
            24.970592,
            60.162037
          ]
        ]
      },
      "properties": {
        "mmsi": 230705000,
        "points": 11,
        "start": "2026-09-30T04:46:46.576420",
        "end": "2026-09-30T07:32:48.428687"
      }
    },
    {
      "type": "Feature",
      "geometry": {
        "type": "LineString",
        "coordinates": [
          [
            24.127907,
            59.75928
          ],
          [
            24.091092,
            59.753983
          ],
          [
            24.040323,
            59.746812
          ]
        ]
      },
      "properties": {
        "mmsi": 230706000,
        "points": 3,
        "start": "2026-09-30T04:46:46.576420",
        "end": "2026-09-30T05:07:57.583814"
      }
    },
    {
      "type": "Feature",
      "geometry": {
        "type": "LineString",
        "coordinates": [
          [
            24.650395,
            59.463652
          ],
          [
            24.650378,
            59.463618
          ],
          [
            24.650408,
            59.46364
          ],
          [
            24.650363,
            59.463632
          ],
          [
            24.650395,
            59.463645
          ],
          [
            24.650407,
            59.463627
          ],
          [
            24.650402,
            59.463642
          ],
          [
            24.650403,
            59.463625
          ],
          [
            24.6504,
            59.463627
          ],
          [
            24.650402,
            59.463625
          ],
          [
            24.650403,
            59.46363
          ]
        ]
      },
      "properties": {
        "mmsi": 230714000,
        "points": 11,
        "start": "2026-09-30T04:46:46.576420",
        "end": "2026-09-30T07:32:48.428687"
      }
    },
    {
      "type": "Feature",
      "geometry": {
        "type": "LineString",
        "coordinates": [
          [
            24.961877,
            60.170815
          ],
          [
            24.961862,
            60.1708
          ],
          [
            24.961895,
            60.170813
          ],
          [
            24.961895,
            60.170792
          ],
          [
            24.961885,
            60.1708
          ],
          [
            24.961925,
            60.170793
          ],
          [
            24.961912,
            60.170803
          ],
          [
            24.961878,
            60.170807
          ],
          [
            24.961895,
            60.170812
          ],
          [
            24.961878,
            60.170792
          ],
          [
            24.961877,
            60.170798
          ]
        ]
      },
      "properties": {
        "mmsi": 230938640,
        "points": 11,
        "start": "2026-09-30T04:46:46.576420",
        "end": "2026-09-30T07:32:48.428687"
      }
    },
    {
      "type": "Feature",
      "geometry": {
        "type": "LineString",
        "coordinates": [
          [
            25.081507,
            60.156247
          ],
          [
            25.081512,
            60.156242
          ],
          [
            25.08152,
            60.15625
          ],
          [
            25.081507,
            60.156243
          ],
          [
            25.081508,
            60.156253
          ],
          [
            25.081505,
            60.15624
          ],
          [
            25.081513,
            60.156245
          ],
          [
            25.081503,
            60.156252
          ],
          [
            25.081508,
            60.156245
          ],
          [
            25.081505,
            60.156255
          ],
          [
            25.081492,
            60.156263
          ]
        ]
      },
      "properties": {
        "mmsi": 230939100,
        "points": 11,
        "start": "2026-09-30T04:46:46.576420",
        "end": "2026-09-30T07:32:48.428687"
      }
    },
    {
      "type": "Feature",
      "geometry": {
        "type": "LineString",
        "coordinates": [
          [
            25.164643,
            60.170803
          ],
          [
            25.238078,
            60.183933
          ],
          [
            25.341942,
            60.177
          ],
          [
            25.34708,
            60.173147
          ],
          [
            25.307072,
            60.185038
          ],
          [
            25.232848,
            60.20154
          ],
          [
            25.18735,
            60.205345
          ],
          [
            25.184778,
            60.190907
          ],
          [
            25.129115,
            60.180853
          ],
          [
            25.134068,
            60.181642
          ],
          [
            25.133342,
            60.181212
          ]
        ]
      },
      "properties": {
        "mmsi": 230940680,
        "points": 11,
        "start": "2026-09-30T04:46:46.576420",
        "end": "2026-09-30T07:32:48.428687"
      }
    },
    {
      "type": "Feature",
      "geometry": {
        "type": "LineString",
        "coordinates": [
          [
            24.92911,
            60.159112
          ],
          [
            24.929077,
            60.159065
          ],
          [
            24.929097,
            60.159105
          ],
          [
            24.929072,
            60.159065
          ],
          [
            24.929105,
            60.159082
          ],
          [
            24.92911,
            60.159075
          ],
          [
            24.929093,
            60.159085
          ],
          [
            24.929085,
            60.159087
          ],
          [
            24.929072,
            60.159095
          ],
          [
            24.929088,
            60.159087
          ],
          [
            24.9291,
            60.15912
          ]
        ]
      },
      "properties": {
        "mmsi": 230941190,
        "points": 11,
        "start": "2026-09-30T04:46:46.576420",
        "end": "2026-09-30T07:32:48.428687"
      }
    },
    {
      "type": "Feature",
      "geometry": {
        "type": "LineString",
        "coordinates": [
          [
            24.923237,
            60.15227
          ],
          [
            24.914242,
            60.147463
          ],
          [
            24.914242,
            60.147433
          ],
          [
            24.914168,
            60.147415
          ],
          [
            24.91415,
            60.147407
          ]
        ]
      },
      "properties": {
        "mmsi": 230941570,
        "points": 5,
        "start": "2026-09-30T04:46:46.576420",
        "end": "2026-09-30T07:32:48.428687"
      }
    },
    {
      "type": "Feature",
      "geometry": {
        "type": "LineString",
        "coordinates": [
          [
            24.92566,
            60.15813
          ],
          [
            24.925662,
            60.15814
          ],
          [
            24.92565,
            60.158138
          ],
          [
            24.925645,
            60.158133
          ],
          [
            24.925655,
            60.158135
          ],
          [
            24.925648,
            60.158132
          ],
          [
            24.925652,
            60.158132
          ],
          [
            24.92565,
            60.158113
          ],
          [
            24.925647,
            60.158125
          ],
          [
            24.92564,
            60.158133
          ],
          [
            24.92566,
            60.158137
          ]
        ]
      },
      "properties": {
        "mmsi": 230941700,
        "points": 11,
        "start": "2026-09-30T04:46:46.576420",
        "end": "2026-09-30T07:32:48.428687"
      }
    },
    {
      "type": "Feature",
      "geometry": {
        "type": "LineString",
        "coordinates": [
          [
            24.924203,
            60.161097
          ],
          [
            24.924205,
            60.161092
          ],
          [
            24.924203,
            60.161093
          ],
          [
            24.92421,
            60.161095
          ],
          [
            24.924205,
            60.161097
          ],
          [
            24.924205,
            60.161097
          ],
          [
            24.924208,
            60.161095
          ],
          [
            24.924205,
            60.161093
          ],
          [
            24.92421,
            60.161098
          ],
          [
            24.924207,
            60.161098
          ],
          [
            24.924208,
            60.1611
          ]
        ]
      },
      "properties": {
        "mmsi": 230941940,
        "points": 11,
        "start": "2026-09-30T04:46:46.576420",
        "end": "2026-09-30T07:32:48.428687"
      }
    },
    {
      "type": "Feature",
      "geometry": {
        "type": "LineString",
        "coordinates": [
          [
            26.963805,
            60.460318
          ],
          [
            26.963788,
            60.460323
          ],
          [
            26.963823,
            60.460303
          ],
          [
            26.963765,
            60.460275
          ],
          [
            26.963798,
            60.460285
          ],
          [
            26.96382,
            60.460327
          ],
          [
            26.963857,
            60.46034
          ],
          [
            26.963795,
            60.460287
          ],
          [
            26.96383,
            60.460307
          ],
          [
            26.96375,
            60.460302
          ],
          [
            26.963755,
            60.460287
          ]
        ]
      },
      "properties": {
        "mmsi": 230942840,
        "points": 11,
        "start": "2026-09-30T04:46:46.576420",
        "end": "2026-09-30T07:32:48.428687"
      }
    },
    {
      "type": "Feature",
      "geometry": {
        "type": "LineString",
        "coordinates": [
          [
            25.552287,
            60.311348
          ],
          [
            25.552255,
            60.311342
          ],
          [
            25.552257,
            60.311363
          ],
          [
            25.552248,
            60.31134
          ],
          [
            25.552238,
            60.311338
          ],
          [
            25.552232,
            60.311345
          ],
          [
            25.552277,
            60.311345
          ],
          [
            25.55224,
            60.311332
          ],
          [
            25.552242,
            60.311342
          ],
          [
            25.552257,
            60.311343
          ],
          [
            25.55228,
            60.31135
          ]
        ]
      },
      "properties": {
        "mmsi": 230946000,
        "points": 11,
        "start": "2026-09-30T04:46:46.576420",
        "end": "2026-09-30T07:32:48.428687"
      }
    },
    {
      "type": "Feature",
      "geometry": {
        "type": "LineString",
        "coordinates": [
          [
            25.604977,
            60.207852
          ],
          [
            25.60067,
            60.183325
          ],
          [
            25.585682,
            60.147317
          ],
          [
            25.577118,
            60.09324
          ],
          [
            25.566128,
            60.058987
          ],
          [
            25.55437,
            60.035887
          ],
          [
            25.555802,
            60.033362
          ],
          [
            25.597968,
            60.08198
          ],
          [
            25.656057,
            60.148562
          ],
          [
            25.625698,
            60.18801
          ],
          [
            25.567472,
            60.2534
          ]
        ]
      },
      "properties": {
        "mmsi": 230947000,
        "points": 11,
        "start": "2026-09-30T04:46:46.576420",
        "end": "2026-09-30T07:32:48.428687"
      }
    },
    {
      "type": "Feature",
      "geometry": {
        "type": "LineString",
        "coordinates": [
          [
            24.924763,
            60.160815
          ],
          [
            24.924753,
            60.160802
          ],
          [
            24.924745,
            60.160797
          ],
          [
            24.924725,
            60.160793
          ],
          [
            24.924735,
            60.160802
          ],
          [
            24.924765,
            60.160795
          ],
          [
            24.92477,
            60.160795
          ],
          [
            24.924775,
            60.160818
          ],
          [
            24.924803,
            60.160782
          ],
          [
            24.924807,
            60.160798
          ],
          [
            24.924785,
            60.160807
          ]
        ]
      },
      "properties": {
        "mmsi": 230955000,
        "points": 11,
        "start": "2026-09-30T04:46:46.576420",
        "end": "2026-09-30T07:32:48.428687"
      }
    },
    {
      "type": "Feature",
      "geometry": {
        "type": "LineString",
        "coordinates": [
          [
            24.546707,
            59.74632
          ],
          [
            24.63449,
            59.772062
          ],
          [
            24.747207,
            59.81782
          ],
          [
            24.919338,
            59.849708
          ],
          [
            24.984628,
            59.907637
          ],
          [
            25.048647,
            59.965893
          ],
          [
            25.087178,
            60.003213
          ],
          [
            25.194155,
            60.112803
          ],
          [
            25.204373,
            60.215748
          ],
          [
            25.199285,
            60.218835
          ],
          [
            25.199297,
            60.218832
          ]
        ]
      },
      "properties": {
        "mmsi": 230981000,
        "points": 11,
        "start": "2026-09-30T04:46:46.576420",
        "end": "2026-09-30T07:32:48.428687"
      }
    },
    {
      "type": "Feature",
      "geometry": {
        "type": "LineString",
        "coordinates": [
          [
            25.835155,
            60.288143
          ],
          [
            25.835157,
            60.288132
          ],
          [
            25.835147,
            60.288142
          ],
          [
            25.835155,
            60.288138
          ],
          [
            25.835245,
            60.288152
          ],
          [
            25.835182,
            60.288147
          ],
          [
            25.835178,
            60.28814
          ],
          [
            25.835223,
            60.288145
          ],
          [
            25.835205,
            60.288127
          ],
          [
            25.835182,
            60.288145
          ],
          [
            25.835177,
            60.28813
          ]
        ]
      },
      "properties": {
        "mmsi": 230984450,
        "points": 11,
        "start": "2026-09-30T04:46:46.576420",
        "end": "2026-09-30T07:32:48.428687"
      }
    },
    {
      "type": "Feature",
      "geometry": {
        "type": "LineString",
        "coordinates": [
          [
            25.198148,
            60.221078
          ],
          [
            25.198138,
            60.22108
          ],
          [
            25.198147,
            60.22107
          ],
          [
            25.19814,
            60.221083
          ],
          [
            25.198112,
            60.22108
          ],
          [
            25.198142,
            60.221097
          ],
          [
            25.198122,
            60.221078
          ],
          [
            25.198137,
            60.22109
          ],
          [
            25.198112,
            60.221093
          ],
          [
            25.198133,
            60.221072
          ],
          [
            25.19813,
            60.221078
          ]
        ]
      },
      "properties": {
        "mmsi": 230985150,
        "points": 11,
        "start": "2026-09-30T04:46:46.576420",
        "end": "2026-09-30T07:32:48.428687"
      }
    },
    {
      "type": "Feature",
      "geometry": {
        "type": "LineString",
        "coordinates": [
          [
            24.968335,
            60.162273
          ],
          [
            24.983878,
            60.149307
          ],
          [
            24.977092,
            60.160187
          ],
          [
            24.965905,
            60.163093
          ],
          [
            24.98387,
            60.149293
          ],
          [
            24.967472,
            60.162687
          ],
          [
            24.955985,
            60.16728
          ],
          [
            24.983833,
            60.149287
          ],
          [
            24.97944,
            60.15796
          ],
          [
            24.978353,
            60.158887
          ],
          [
            24.955897,
            60.167287
          ]
        ]
      },
      "properties": {
        "mmsi": 230985490,
        "points": 11,
        "start": "2026-09-30T04:46:46.576420",
        "end": "2026-09-30T07:32:48.428687"
      }
    },
    {
      "type": "Feature",
      "geometry": {
        "type": "LineString",
        "coordinates": [
          [
            24.889272,
            60.155575
          ],
          [
            24.889263,
            60.155597
          ],
          [
            24.889265,
            60.155582
          ],
          [
            24.889272,
            60.155582
          ],
          [
            24.889288,
            60.155578
          ],
          [
            24.889263,
            60.155583
          ],
          [
            24.889322,
            60.155588
          ],
          [
            24.889243,
            60.15559
          ],
          [
            24.889262,
            60.15558
          ],
          [
            24.889242,
            60.155593
          ],
          [
            24.88927,
            60.155595
          ]
        ]
      },
      "properties": {
        "mmsi": 230987940,
        "points": 11,
        "start": "2026-09-30T04:46:46.576420",
        "end": "2026-09-30T07:32:48.428687"
      }
    },
    {
      "type": "Feature",
      "geometry": {
        "type": "LineString",
        "coordinates": [
          [
            26.9639,
            60.460727
          ],
          [
            26.963888,
            60.46072
          ],
          [
            26.977388,
            60.453553
          ],
          [
            26.980318,
            60.45272
          ],
          [
            26.963745,
            60.460687
          ],
          [
            26.963737,
            60.460687
          ],
          [
            26.954663,
            60.430973
          ],
          [
            26.855542,
            60.37854
          ],
          [
            26.812362,
            60.34974
          ],
          [
            26.776677,
            60.34452
          ]
        ]
      },
      "properties": {
        "mmsi": 230991258,
        "points": 10,
        "start": "2026-09-30T04:46:46.576420",
        "end": "2026-09-30T07:32:48.428687"
      }
    },
    {
      "type": "Feature",
      "geometry": {
        "type": "LineString",
        "coordinates": [
          [
            26.947998,
            60.486238
          ],
          [
            26.943062,
            60.490267
          ],
          [
            26.943118,
            60.490302
          ],
          [
            26.943118,
            60.490305
          ],
          [
            26.943098,
            60.490305
          ],
          [
            26.9431,
            60.4903
          ],
          [
            26.943075,
            60.4903
          ],
          [
            26.943037,
            60.490295
          ],
          [
            26.94302,
            60.49029
          ],
          [
            26.943033,
            60.490288
          ],
          [
            26.943088,
            60.490268
          ]
        ]
      },
      "properties": {
        "mmsi": 230991670,
        "points": 11,
        "start": "2026-09-30T04:46:46.576420",
        "end": "2026-09-30T07:32:48.428687"
      }
    },
    {
      "type": "Feature",
      "geometry": {
        "type": "LineString",
        "coordinates": [
          [
            25.345972,
            60.173967
          ],
          [
            25.345963,
            60.173965
          ],
          [
            25.345957,
            60.173968
          ],
          [
            25.345967,
            60.173967
          ],
          [
            25.345978,
            60.173967
          ],
          [
            25.345977,
            60.17398
          ],
          [
            25.345965,
            60.173972
          ],
          [
            25.345977,
            60.173978
          ],
          [
            25.345997,
            60.173968
          ],
          [
            25.346012,
            60.173957
          ],
          [
            25.345805,
            60.174303
          ]
        ]
      },
      "properties": {
        "mmsi": 230991880,
        "points": 11,
        "start": "2026-09-30T04:46:46.576420",
        "end": "2026-09-30T07:32:48.428687"
      }
    },
    {
      "type": "Feature",
      "geometry": {
        "type": "LineString",
        "coordinates": [
          [
            26.261162,
            60.40289
          ],
          [
            26.261127,
            60.40289
          ],
          [
            26.261155,
            60.402892
          ],
          [
            26.26113,
            60.40289
          ],
          [
            26.26114,
            60.402892
          ],
          [
            26.261118,
            60.402883
          ],
          [
            26.261117,
            60.402885
          ],
          [
            26.261092,
            60.402902
          ],
          [
            26.261113,
            60.402867
          ],
          [
            26.261115,
            60.402923
          ],
          [
            26.261137,
            60.40286
          ]
        ]
      },
      "properties": {
        "mmsi": 230992690,
        "points": 11,
        "start": "2026-09-30T04:46:46.576420",
        "end": "2026-09-30T07:32:48.428687"
      }
    },
    {
      "type": "Feature",
      "geometry": {
        "type": "LineString",
        "coordinates": [
          [
            26.915868,
            60.43724
          ],
          [
            26.915868,
            60.437237
          ],
          [
            26.915873,
            60.437235
          ],
          [
            26.915863,
            60.437227
          ],
          [
            26.915873,
            60.437242
          ],
          [
            26.915862,
            60.437252
          ],
          [
            26.915865,
            60.437228
          ],
          [
            26.915887,
            60.43722
          ],
          [
            26.915887,
            60.437225
          ],
          [
            26.915882,
            60.437233
          ],
          [
            26.91586,
            60.437253
          ]
        ]
      },
      "properties": {
        "mmsi": 230992970,
        "points": 11,
        "start": "2026-09-30T04:46:46.576420",
        "end": "2026-09-30T07:32:48.428687"
      }
    },
    {
      "type": "Feature",
      "geometry": {
        "type": "LineString",
        "coordinates": [
          [
            24.969172,
            60.168903
          ],
          [
            24.969165,
            60.168917
          ],
          [
            24.969178,
            60.168923
          ],
          [
            24.969195,
            60.168893
          ],
          [
            24.969193,
            60.168903
          ],
          [
            24.969175,
            60.168895
          ],
          [
            24.969198,
            60.168902
          ],
          [
            24.969163,
            60.168892
          ],
          [
            24.96918,
            60.168905
          ],
          [
            24.969147,
            60.168917
          ],
          [
            24.969202,
            60.16892
          ]
        ]
      },
      "properties": {
        "mmsi": 230994270,
        "points": 11,
        "start": "2026-09-30T04:46:46.576420",
        "end": "2026-09-30T07:32:48.428687"
      }
    },
    {
      "type": "Feature",
      "geometry": {
        "type": "LineString",
        "coordinates": [
          [
            26.252967,
            60.402687
          ],
          [
            26.252958,
            60.402707
          ],
          [
            26.252943,
            60.402653
          ],
          [
            26.252963,
            60.402673
          ],
          [
            26.25295,
            60.402673
          ],
          [
            26.252967,
            60.402673
          ],
          [
            26.25295,
            60.40266
          ],
          [
            26.252963,
            60.40266
          ],
          [
            26.252938,
            60.402673
          ],
          [
            26.252927,
            60.40268
          ],
          [
            26.252963,
            60.40266
          ]
        ]
      },
      "properties": {
        "mmsi": 230994810,
        "points": 11,
        "start": "2026-09-30T04:46:46.576420",
        "end": "2026-09-30T07:32:48.428687"
      }
    },
    {
      "type": "Feature",
      "geometry": {
        "type": "LineString",
        "coordinates": [
          [
            24.996198,
            60.167995
          ],
          [
            25.011802,
            60.166013
          ],
          [
            24.968175,
            60.17097
          ],
          [
            24.99764,
            60.167388
          ],
          [
            25.011238,
            60.166273
          ],
          [
            24.962357,
            60.170123
          ],
          [
            24.960198,
            60.169862
          ],
          [
            25.011055,
            60.16648
          ],
          [
            25.009775,
            60.166463
          ],
          [
            24.972565,
            60.171447
          ],
          [
            24.960233,
            60.169885
          ]
        ]
      },
      "properties": {
        "mmsi": 230994870,
        "points": 11,
        "start": "2026-09-30T04:46:46.576420",
        "end": "2026-09-30T07:32:48.428687"
      }
    },
    {
      "type": "Feature",
      "geometry": {
        "type": "LineString",
        "coordinates": [
          [
            25.345947,
            60.174033
          ],
          [
            25.345967,
            60.17404
          ],
          [
            25.345953,
            60.174038
          ],
          [
            25.345947,
            60.17404
          ],
          [
            25.345983,
            60.174042
          ],
          [
            25.345967,
            60.174037
          ],
          [
            25.345987,
            60.174033
          ],
          [
            25.34595,
            60.174037
          ],
          [
            25.345957,
            60.174042
          ],
          [
            25.345978,
            60.174045
          ],
          [
            25.345548,
            60.176202
          ]
        ]
      },
      "properties": {
        "mmsi": 230998670,
        "points": 11,
        "start": "2026-09-30T04:46:46.576420",
        "end": "2026-09-30T07:32:48.428687"
      }
    },
    {
      "type": "Feature",
      "geometry": {
        "type": "LineString",
        "coordinates": [
          [
            24.086627,
            59.330782
          ],
          [
            24.086605,
            59.33077
          ],
          [
            24.086607,
            59.330748
          ],
          [
            24.08664,
            59.330777
          ],
          [
            24.086618,
            59.330768
          ],
          [
            24.086588,
            59.330775
          ],
          [
            24.086585,
            59.330742
          ],
          [
            24.08663,
            59.33079
          ],
          [
            24.086577,
            59.330755
          ],
          [
            24.086617,
            59.330768
          ]
        ]
      },
      "properties": {
        "mmsi": 235500000,
        "points": 10,
        "start": "2026-09-30T04:46:46.576420",
        "end": "2026-09-30T07:32:48.428687"
      }
    },
    {
      "type": "Feature",
      "geometry": {
        "type": "LineString",
        "coordinates": [
          [
            24.424655,
            59.714697
          ],
          [
            24.479282,
            59.723118
          ],
          [
            24.5581,
            59.735335
          ],
          [
            24.675885,
            59.751497
          ],
          [
            24.750735,
            59.760192
          ],
          [
            24.82243,
            59.767697
          ],
          [
            24.867258,
            59.77296
          ],
          [
            25.002113,
            59.788445
          ],
          [
            25.207443,
            59.79236
          ],
          [
            25.293373,
            59.794678
          ],
          [
            25.38606,
            59.803022
          ]
        ]
      },
      "properties": {
        "mmsi": 240447000,
        "points": 11,
        "start": "2026-09-30T04:46:46.576420",
        "end": "2026-09-30T07:32:48.428687"
      }
    },
    {
      "type": "Feature",
      "geometry": {
        "type": "LineString",
        "coordinates": [
          [
            24.65746,
            59.460052
          ],
          [
            24.657457,
            59.460048
          ],
          [
            24.657455,
            59.46005
          ],
          [
            24.657465,
            59.460053
          ],
          [
            24.657465,
            59.460053
          ],
          [
            24.657462,
            59.460053
          ],
          [
            24.657465,
            59.460055
          ],
          [
            24.657455,
            59.460058
          ],
          [
            24.657448,
            59.460072
          ],
          [
            24.657457,
            59.460057
          ]
        ]
      },
      "properties": {
        "mmsi": 244301000,
        "points": 10,
        "start": "2026-09-30T04:46:46.576420",
        "end": "2026-09-30T07:32:48.428687"
      }
    },
    {
      "type": "Feature",
      "geometry": {
        "type": "LineString",
        "coordinates": [
          [
            26.949133,
            60.48276
          ],
          [
            26.949095,
            60.48275
          ],
          [
            26.949123,
            60.48278
          ],
          [
            26.949113,
            60.482767
          ],
          [
            26.949103,
            60.482753
          ],
          [
            26.9491,
            60.482755
          ],
          [
            26.949148,
            60.482797
          ],
          [
            26.949123,
            60.482765
          ],
          [
            26.949127,
            60.482757
          ],
          [
            26.949118,
            60.48276
          ],
          [
            26.949102,
            60.482755
          ]
        ]
      },
      "properties": {
        "mmsi": 244584000,
        "points": 11,
        "start": "2026-09-30T04:46:46.576420",
        "end": "2026-09-30T07:32:48.428687"
      }
    },
    {
      "type": "Feature",
      "geometry": {
        "type": "LineString",
        "coordinates": [
          [
            24.651052,
            59.460345
          ],
          [
            24.651033,
            59.46036
          ],
          [
            24.651038,
            59.460355
          ],
          [
            24.651052,
            59.460338
          ],
          [
            24.651058,
            59.460357
          ],
          [
            24.651063,
            59.460347
          ],
          [
            24.651055,
            59.46035
          ],
          [
            24.651053,
            59.460338
          ],
          [
            24.651038,
            59.460333
          ],
          [
            24.651047,
            59.460338
          ],
          [
            24.651042,
            59.460337
          ]
        ]
      },
      "properties": {
        "mmsi": 244632000,
        "points": 11,
        "start": "2026-09-30T04:46:46.576420",
        "end": "2026-09-30T07:32:48.428687"
      }
    },
    {
      "type": "Feature",
      "geometry": {
        "type": "LineString",
        "coordinates": [
          [
            26.922245,
            60.426015
          ],
          [
            26.922243,
            60.426013
          ],
          [
            26.92207,
            60.42604
          ],
          [
            26.922233,
            60.426008
          ],
          [
            26.922237,
            60.42602
          ],
          [
            26.922238,
            60.426005
          ],
          [
            26.922235,
            60.426018
          ],
          [
            26.86607,
            60.398195
          ],
          [
            26.684228,
            60.367697
          ],
          [
            26.615178,
            60.33349
          ],
          [
            26.503743,
            60.276883
          ]
        ]
      },
      "properties": {
        "mmsi": 245169000,
        "points": 11,
        "start": "2026-09-30T04:46:46.576420",
        "end": "2026-09-30T07:32:48.428687"
      }
    },
    {
      "type": "Feature",
      "geometry": {
        "type": "LineString",
        "coordinates": [
          [
            24.074463,
            59.335027
          ],
          [
            24.074477,
            59.335048
          ],
          [
            24.074502,
            59.33505
          ],
          [
            24.070188,
            59.330645
          ],
          [
            24.02677,
            59.349668
          ],
          [
            24.005787,
            59.38477
          ],
          [
            24.008733,
            59.41199
          ],
          [
            24.059778,
            59.488538
          ],
          [
            24.160182,
            59.599658
          ],
          [
            24.23901,
            59.645508
          ],
          [
            24.413847,
            59.695258
          ]
        ]
      },
      "properties": {
        "mmsi": 245267000,
        "points": 11,
        "start": "2026-09-30T04:46:46.576420",
        "end": "2026-09-30T07:32:48.428687"
      }
    },
    {
      "type": "Feature",
      "geometry": {
        "type": "LineString",
        "coordinates": [
          [
            24.655057,
            59.460802
          ],
          [
            24.655057,
            59.460802
          ],
          [
            24.655057,
            59.460802
          ],
          [
            24.655057,
            59.460802
          ],
          [
            24.655058,
            59.460803
          ],
          [
            24.655058,
            59.460803
          ],
          [
            24.655057,
            59.460785
          ],
          [
            24.655055,
            59.4608
          ],
          [
            24.65504,
            59.460802
          ],
          [
            24.655057,
            59.460802
          ]
        ]
      },
      "properties": {
        "mmsi": 246263000,
        "points": 10,
        "start": "2026-09-30T04:46:46.576420",
        "end": "2026-09-30T07:32:48.428687"
      }
    },
    {
      "type": "Feature",
      "geometry": {
        "type": "LineString",
        "coordinates": [
          [
            25.54683,
            60.297873
          ],
          [
            25.546822,
            60.297878
          ],
          [
            25.546818,
            60.297867
          ],
          [
            25.546808,
            60.297872
          ],
          [
            25.546828,
            60.297883
          ],
          [
            25.546813,
            60.297872
          ],
          [
            25.546822,
            60.297878
          ],
          [
            25.546818,
            60.297868
          ],
          [
            25.546803,
            60.2979
          ],
          [
            25.546807,
            60.29787
          ],
          [
            25.54684,
            60.297888
          ]
        ]
      },
      "properties": {
        "mmsi": 246272000,
        "points": 11,
        "start": "2026-09-30T04:46:46.576420",
        "end": "2026-09-30T07:32:48.428687"
      }
    },
    {
      "type": "Feature",
      "geometry": {
        "type": "LineString",
        "coordinates": [
          [
            26.944125,
            60.488728
          ],
          [
            26.94412,
            60.488722
          ],
          [
            26.94409,
            60.488718
          ],
          [
            26.9441,
            60.488718
          ],
          [
            26.944113,
            60.488715
          ],
          [
            26.944107,
            60.488717
          ],
          [
            26.94412,
            60.488722
          ],
          [
            26.944108,
            60.488715
          ],
          [
            26.944122,
            60.488715
          ],
          [
            26.94412,
            60.488743
          ],
          [
            26.944132,
            60.48873
          ]
        ]
      },
      "properties": {
        "mmsi": 246278000,
        "points": 11,
        "start": "2026-09-30T04:46:46.576420",
        "end": "2026-09-30T07:32:48.428687"
      }
    },
    {
      "type": "Feature",
      "geometry": {
        "type": "LineString",
        "coordinates": [
          [
            25.903737,
            59.849147
          ],
          [
            25.903785,
            59.84919
          ],
          [
            25.903722,
            59.849207
          ],
          [
            25.903833,
            59.849098
          ],
          [
            25.903503,
            59.849273
          ],
          [
            25.903745,
            59.849182
          ],
          [
            25.903568,
            59.849237
          ],
          [
            25.903208,
            59.849463
          ],
          [
            25.903058,
            59.849677
          ],
          [
            25.902763,
            59.84986
          ],
          [
            25.902887,
            59.849965
          ]
        ]
      },
      "properties": {
        "mmsi": 249214000,
        "points": 11,
        "start": "2026-09-30T04:46:46.576420",
        "end": "2026-09-30T07:32:48.428687"
      }
    },
    {
      "type": "Feature",
      "geometry": {
        "type": "LineString",
        "coordinates": [
          [
            25.952993,
            59.819572
          ],
          [
            25.952932,
            59.819388
          ],
          [
            25.952403,
            59.819527
          ],
          [
            25.952625,
            59.81943
          ],
          [
            25.95259,
            59.819543
          ],
          [
            25.952373,
            59.81968
          ],
          [
            25.952717,
            59.81942
          ],
          [
            25.952088,
            59.819818
          ],
          [
            25.951935,
            59.819922
          ],
          [
            25.951825,
            59.819928
          ],
          [
            25.951775,
            59.820155
          ]
        ]
      },
      "properties": {
        "mmsi": 249284000,
        "points": 11,
        "start": "2026-09-30T04:46:46.576420",
        "end": "2026-09-30T07:32:48.428687"
      }
    },
    {
      "type": "Feature",
      "geometry": {
        "type": "LineString",
        "coordinates": [
          [
            25.002863,
            59.778847
          ],
          [
            25.059655,
            59.79009
          ],
          [
            25.139892,
            59.804755
          ],
          [
            25.26095,
            59.821318
          ],
          [
            25.340092,
            59.831133
          ],
          [
            25.41853,
            59.839132
          ],
          [
            25.468278,
            59.843987
          ],
          [
            25.61406,
            59.859728
          ],
          [
            25.831917,
            59.883692
          ],
          [
            25.941653,
            59.895215
          ],
          [
            26.118727,
            59.921692
          ]
        ]
      },
      "properties": {
        "mmsi": 249296000,
        "points": 11,
        "start": "2026-09-30T04:46:46.576420",
        "end": "2026-09-30T07:32:48.428687"
      }
    },
    {
      "type": "Feature",
      "geometry": {
        "type": "LineString",
        "coordinates": [
          [
            24.95792,
            59.786758
          ],
          [
            24.958213,
            59.800532
          ],
          [
            24.957418,
            59.821158
          ],
          [
            24.95996,
            59.851582
          ],
          [
            24.96788,
            59.870602
          ],
          [
            24.984648,
            59.887163
          ],
          [
            24.995565,
            59.897725
          ],
          [
            25.025407,
            59.928992
          ],
          [
            25.065988,
            59.94183
          ],
          [
            25.04975,
            59.95185
          ],
          [
            25.084567,
            59.991893
          ]
        ]
      },
      "properties": {
        "mmsi": 249537000,
        "points": 11,
        "start": "2026-09-30T04:46:46.576420",
        "end": "2026-09-30T07:32:48.428687"
      }
    },
    {
      "type": "Feature",
      "geometry": {
        "type": "LineString",
        "coordinates": [
          [
            24.373972,
            59.664518
          ],
          [
            24.415342,
            59.674873
          ],
          [
            24.47393,
            59.69026
          ],
          [
            24.56247,
            59.713812
          ],
          [
            24.618785,
            59.726918
          ],
          [
            24.676468,
            59.736673
          ],
          [
            24.712478,
            59.74275
          ],
          [
            24.81935,
            59.758102
          ],
          [
            24.97981,
            59.777988
          ],
          [
            25.063308,
            59.78766
          ],
          [
            25.197187,
            59.806763
          ]
        ]
      },
      "properties": {
        "mmsi": 255620000,
        "points": 11,
        "start": "2026-09-30T04:46:46.576420",
        "end": "2026-09-30T07:32:48.428687"
      }
    },
    {
      "type": "Feature",
      "geometry": {
        "type": "LineString",
        "coordinates": [
          [
            25.188738,
            60.214348
          ],
          [
            25.18879,
            60.21432
          ],
          [
            25.188785,
            60.214358
          ],
          [
            25.188785,
            60.214308
          ],
          [
            25.188823,
            60.214302
          ],
          [
            25.188822,
            60.214303
          ],
          [
            25.188792,
            60.214312
          ],
          [
            25.188803,
            60.21432
          ],
          [
            25.188767,
            60.214292
          ],
          [
            25.188747,
            60.21433
          ],
          [
            25.188772,
            60.214337
          ]
        ]
      },
      "properties": {
        "mmsi": 255705000,
        "points": 11,
        "start": "2026-09-30T04:46:46.576420",
        "end": "2026-09-30T07:32:48.428687"
      }
    },
    {
      "type": "Feature",
      "geometry": {
        "type": "LineString",
        "coordinates": [
          [
            24.649617,
            59.465328
          ],
          [
            24.648442,
            59.464295
          ],
          [
            24.64864,
            59.457048
          ],
          [
            24.651395,
            59.453772
          ],
          [
            24.6554,
            59.45511
          ],
          [
            24.657593,
            59.456932
          ],
          [
            24.658192,
            59.458162
          ],
          [
            24.658957,
            59.458777
          ],
          [
            24.658975,
            59.458782
          ],
          [
            24.658933,
            59.458792
          ]
        ]
      },
      "properties": {
        "mmsi": 255805916,
        "points": 10,
        "start": "2026-09-30T04:56:04.295233",
        "end": "2026-09-30T07:32:48.428687"
      }
    },
    {
      "type": "Feature",
      "geometry": {
        "type": "LineString",
        "coordinates": [
          [
            26.911567,
            60.420043
          ],
          [
            26.911455,
            60.420092
          ],
          [
            26.911472,
            60.420102
          ],
          [
            26.911562,
            60.420065
          ],
          [
            26.911352,
            60.420035
          ],
          [
            26.91153,
            60.42008
          ],
          [
            26.911492,
            60.420083
          ],
          [
            26.911545,
            60.420075
          ],
          [
            26.91147,
            60.420097
          ],
          [
            26.911497,
            60.420077
          ],
          [
            26.911525,
            60.42011
          ]
        ]
      },
      "properties": {
        "mmsi": 255806086,
        "points": 11,
        "start": "2026-09-30T04:46:46.576420",
        "end": "2026-09-30T07:32:48.428687"
      }
    },
    {
      "type": "Feature",
      "geometry": {
        "type": "LineString",
        "coordinates": [
          [
            24.714157,
            59.45878
          ],
          [
            24.714225,
            59.458827
          ],
          [
            24.714253,
            59.458847
          ],
          [
            24.71423,
            59.458813
          ],
          [
            24.714242,
            59.458827
          ],
          [
            24.714225,
            59.458813
          ],
          [
            24.714225,
            59.458807
          ],
          [
            24.714242,
            59.458813
          ],
          [
            24.71423,
            59.458807
          ],
          [
            24.714222,
            59.458813
          ],
          [
            24.714233,
            59.458813
          ]
        ]
      },
      "properties": {
        "mmsi": 255806387,
        "points": 11,
        "start": "2026-09-30T04:46:46.576420",
        "end": "2026-09-30T07:32:48.428687"
      }
    },
    {
      "type": "Feature",
      "geometry": {
        "type": "LineString",
        "coordinates": [
          [
            25.195097,
            60.213717
          ],
          [
            25.195182,
            60.21367
          ],
          [
            25.195058,
            60.21371
          ],
          [
            25.195103,
            60.213695
          ],
          [
            25.195033,
            60.213677
          ],
          [
            25.195135,
            60.213662
          ],
          [
            25.195015,
            60.213752
          ],
          [
            25.195127,
            60.213675
          ],
          [
            25.19513,
            60.213655
          ],
          [
            25.195012,
            60.21371
          ],
          [
            25.195115,
            60.213687
          ]
        ]
      },
      "properties": {
        "mmsi": 255806452,
        "points": 11,
        "start": "2026-09-30T04:46:46.576420",
        "end": "2026-09-30T07:32:48.428687"
      }
    },
    {
      "type": "Feature",
      "geometry": {
        "type": "LineString",
        "coordinates": [
          [
            26.763703,
            60.376588
          ],
          [
            26.813763,
            60.372102
          ],
          [
            26.886145,
            60.364657
          ],
          [
            26.993635,
            60.353467
          ]
        ]
      },
      "properties": {
        "mmsi": 255915627,
        "points": 4,
        "start": "2026-09-30T04:46:46.576420",
        "end": "2026-09-30T05:25:52.981002"
      }
    },
    {
      "type": "Feature",
      "geometry": {
        "type": "LineString",
        "coordinates": [
          [
            24.047748,
            59.66323
          ],
          [
            24.083682,
            59.668703
          ],
          [
            24.11906,
            59.67398
          ],
          [
            24.141015,
            59.677052
          ],
          [
            24.206312,
            59.686782
          ],
          [
            24.30577,
            59.700057
          ],
          [
            24.357407,
            59.70728
          ],
          [
            24.441275,
            59.720325
          ]
        ]
      },
      "properties": {
        "mmsi": 256372000,
        "points": 8,
        "start": "2026-09-30T05:25:52.981002",
        "end": "2026-09-30T07:32:48.428687"
      }
    },
    {
      "type": "Feature",
      "geometry": {
        "type": "LineString",
        "coordinates": [
          [
            26.949607,
            59.99514
          ],
          [
            26.816787,
            60.006672
          ],
          [
            26.733002,
            60.013065
          ],
          [
            26.650733,
            60.019378
          ],
          [
            26.597768,
            60.024245
          ],
          [
            26.448512,
            60.008213
          ],
          [
            26.223373,
            59.978042
          ],
          [
            26.10925,
            59.963597
          ],
          [
            25.919882,
            59.936443
          ]
        ]
      },
      "properties": {
        "mmsi": 256903000,
        "points": 9,
        "start": "2026-09-30T05:07:57.583814",
        "end": "2026-09-30T07:32:48.428687"
      }
    },
    {
      "type": "Feature",
      "geometry": {
        "type": "LineString",
        "coordinates": [
          [
            24.998462,
            59.503375
          ],
          [
            24.998467,
            59.50338
          ],
          [
            24.99846,
            59.503378
          ],
          [
            24.998452,
            59.503377
          ],
          [
            24.998465,
            59.503375
          ],
          [
            24.998453,
            59.503373
          ],
          [
            24.998457,
            59.503375
          ],
          [
            24.998457,
            59.503373
          ],
          [
            24.998458,
            59.503377
          ],
          [
            24.998458,
            59.503373
          ],
          [
            24.99846,
            59.50338
          ]
        ]
      },
      "properties": {
        "mmsi": 259309000,
        "points": 11,
        "start": "2026-09-30T04:46:46.576420",
        "end": "2026-09-30T07:32:48.428687"
      }
    },
    {
      "type": "Feature",
      "geometry": {
        "type": "LineString",
        "coordinates": [
          [
            26.507268,
            59.606458
          ],
          [
            26.49018,
            59.634943
          ],
          [
            26.445272,
            59.674458
          ],
          [
            26.356037,
            59.722855
          ],
          [
            26.29962,
            59.753415
          ],
          [
            26.24404,
            59.783572
          ],
          [
            26.222,
            59.805462
          ],
          [
            26.19522,
            59.880455
          ],
          [
            26.14675,
            59.989955
          ],
          [
            26.150738,
            60.042415
          ],
          [
            26.264605,
            60.113643
          ]
        ]
      },
      "properties": {
        "mmsi": 259372000,
        "points": 11,
        "start": "2026-09-30T04:46:46.576420",
        "end": "2026-09-30T07:32:48.428687"
      }
    },
    {
      "type": "Feature",
      "geometry": {
        "type": "LineString",
        "coordinates": [
          [
            24.709977,
            59.46036
          ],
          [
            24.709998,
            59.460387
          ],
          [
            24.710005,
            59.460393
          ],
          [
            24.709962,
            59.460393
          ],
          [
            24.709977,
            59.460373
          ],
          [
            24.709985,
            59.46036
          ],
          [
            24.70999,
            59.460387
          ],
          [
            24.709985,
            59.460373
          ],
          [
            24.70999,
            59.460393
          ],
          [
            24.709977,
            59.460393
          ],
          [
            24.71001,
            59.460373
          ]
        ]
      },
      "properties": {
        "mmsi": 259859000,
        "points": 11,
        "start": "2026-09-30T04:46:46.576420",
        "end": "2026-09-30T07:32:48.428687"
      }
    },
    {
      "type": "Feature",
      "geometry": {
        "type": "LineString",
        "coordinates": [
          [
            26.130893,
            59.905192
          ],
          [
            26.13059,
            59.904838
          ],
          [
            26.130338,
            59.905027
          ],
          [
            26.13058,
            59.904968
          ],
          [
            26.130432,
            59.905022
          ],
          [
            26.130437,
            59.905102
          ],
          [
            26.130588,
            59.90496
          ],
          [
            26.13019,
            59.905238
          ],
          [
            26.129972,
            59.905365
          ],
          [
            26.129993,
            59.905382
          ],
          [
            26.130012,
            59.9056
          ]
        ]
      },
      "properties": {
        "mmsi": 273251570,
        "points": 11,
        "start": "2026-09-30T04:46:46.576420",
        "end": "2026-09-30T07:32:48.428687"
      }
    },
    {
      "type": "Feature",
      "geometry": {
        "type": "LineString",
        "coordinates": [
          [
            24.645407,
            59.812652
          ],
          [
            24.611605,
            59.80952
          ],
          [
            24.564102,
            59.804875
          ],
          [
            24.493783,
            59.798577
          ],
          [
            24.449235,
            59.793632
          ],
          [
            24.405312,
            59.788147
          ],
          [
            24.377142,
            59.784135
          ],
          [
            24.295808,
            59.773388
          ],
          [
            24.1754,
            59.756445
          ],
          [
            24.115683,
            59.74707
          ],
          [
            24.015033,
            59.733118
          ]
        ]
      },
      "properties": {
        "mmsi": 273365100,
        "points": 11,
        "start": "2026-09-30T04:46:46.576420",
        "end": "2026-09-30T07:32:48.428687"
      }
    },
    {
      "type": "Feature",
      "geometry": {
        "type": "LineString",
        "coordinates": [
          [
            24.71092,
            59.458443
          ],
          [
            24.710915,
            59.458442
          ],
          [
            24.710915,
            59.458438
          ],
          [
            24.710918,
            59.458437
          ],
          [
            24.710913,
            59.458437
          ],
          [
            24.71091,
            59.458438
          ],
          [
            24.710908,
            59.458437
          ],
          [
            24.710905,
            59.458435
          ],
          [
            24.710905,
            59.458433
          ],
          [
            24.710908,
            59.458433
          ],
          [
            24.710913,
            59.458433
          ]
        ]
      },
      "properties": {
        "mmsi": 275304000,
        "points": 11,
        "start": "2026-09-30T04:46:46.576420",
        "end": "2026-09-30T07:32:48.428687"
      }
    },
    {
      "type": "Feature",
      "geometry": {
        "type": "LineString",
        "coordinates": [
          [
            24.814002,
            59.499362
          ],
          [
            24.814008,
            59.499358
          ],
          [
            24.814038,
            59.499377
          ],
          [
            24.814037,
            59.499358
          ],
          [
            24.814003,
            59.499372
          ],
          [
            24.813937,
            59.499352
          ],
          [
            24.813993,
            59.499373
          ],
          [
            24.814008,
            59.499373
          ],
          [
            24.814018,
            59.499382
          ],
          [
            24.81404,
            59.49937
          ],
          [
            24.814023,
            59.499393
          ]
        ]
      },
      "properties": {
        "mmsi": 276001840,
        "points": 11,
        "start": "2026-09-30T04:46:46.576420",
        "end": "2026-09-30T07:32:48.428687"
      }
    },
    {
      "type": "Feature",
      "geometry": {
        "type": "LineString",
        "coordinates": [
          [
            24.71856,
            59.457362
          ],
          [
            24.71852,
            59.457348
          ],
          [
            24.718517,
            59.457343
          ],
          [
            24.718553,
            59.457372
          ],
          [
            24.71855,
            59.45737
          ],
          [
            24.718517,
            59.457373
          ],
          [
            24.718548,
            59.45736
          ],
          [
            24.718507,
            59.45736
          ],
          [
            24.718548,
            59.457335
          ],
          [
            24.718515,
            59.457338
          ],
          [
            24.71852,
            59.457355
          ]
        ]
      },
      "properties": {
        "mmsi": 276003580,
        "points": 11,
        "start": "2026-09-30T04:46:46.576420",
        "end": "2026-09-30T07:32:48.428687"
      }
    },
    {
      "type": "Feature",
      "geometry": {
        "type": "LineString",
        "coordinates": [
          [
            24.669627,
            59.451752
          ],
          [
            24.66962,
            59.451755
          ],
          [
            24.669612,
            59.451737
          ],
          [
            24.669598,
            59.451733
          ],
          [
            24.669615,
            59.451743
          ],
          [
            24.669608,
            59.451728
          ],
          [
            24.668798,
            59.449547
          ],
          [
            24.582512,
            59.478777
          ],
          [
            24.669615,
            59.451723
          ],
          [
            24.669605,
            59.451728
          ],
          [
            24.669622,
            59.451727
          ]
        ]
      },
      "properties": {
        "mmsi": 276005340,
        "points": 11,
        "start": "2026-09-30T04:46:46.576420",
        "end": "2026-09-30T07:32:48.428687"
      }
    },
    {
      "type": "Feature",
      "geometry": {
        "type": "LineString",
        "coordinates": [
          [
            25.753807,
            59.647223
          ],
          [
            25.75381,
            59.647227
          ],
          [
            25.753808,
            59.647222
          ],
          [
            25.753825,
            59.647225
          ],
          [
            25.753807,
            59.647227
          ],
          [
            25.753815,
            59.647223
          ],
          [
            25.753805,
            59.647223
          ],
          [
            25.753802,
            59.647223
          ],
          [
            25.753812,
            59.647225
          ],
          [
            25.753803,
            59.64723
          ],
          [
            25.753792,
            59.647228
          ]
        ]
      },
      "properties": {
        "mmsi": 276013230,
        "points": 11,
        "start": "2026-09-30T04:46:46.576420",
        "end": "2026-09-30T07:32:48.428687"
      }
    },
    {
      "type": "Feature",
      "geometry": {
        "type": "LineString",
        "coordinates": [
          [
            24.721147,
            59.459093
          ],
          [
            24.72116,
            59.459093
          ],
          [
            24.721155,
            59.459093
          ],
          [
            24.721143,
            59.459093
          ],
          [
            24.721152,
            59.459073
          ],
          [
            24.721155,
            59.459087
          ],
          [
            24.721152,
            59.459093
          ],
          [
            24.721152,
            59.459093
          ],
          [
            24.721152,
            59.459087
          ],
          [
            24.721155,
            59.459087
          ],
          [
            24.721135,
            59.4591
          ]
        ]
      },
      "properties": {
        "mmsi": 276014100,
        "points": 11,
        "start": "2026-09-30T04:46:46.576420",
        "end": "2026-09-30T07:32:48.428687"
      }
    },
    {
      "type": "Feature",
      "geometry": {
        "type": "LineString",
        "coordinates": [
          [
            24.737233,
            59.453408
          ],
          [
            24.737228,
            59.453402
          ],
          [
            24.737222,
            59.453405
          ],
          [
            24.73723,
            59.453408
          ],
          [
            24.737245,
            59.453403
          ],
          [
            24.737225,
            59.453403
          ],
          [
            24.73723,
            59.453397
          ],
          [
            24.737217,
            59.453402
          ],
          [
            24.737228,
            59.453417
          ],
          [
            24.737223,
            59.4534
          ],
          [
            24.737222,
            59.453408
          ]
        ]
      },
      "properties": {
        "mmsi": 276014670,
        "points": 11,
        "start": "2026-09-30T04:46:46.576420",
        "end": "2026-09-30T07:32:48.428687"
      }
    },
    {
      "type": "Feature",
      "geometry": {
        "type": "LineString",
        "coordinates": [
          [
            24.717108,
            59.45842
          ],
          [
            24.71711,
            59.45843
          ],
          [
            24.717113,
            59.45845
          ],
          [
            24.717143,
            59.458448
          ],
          [
            24.717115,
            59.458433
          ],
          [
            24.717133,
            59.458447
          ],
          [
            24.71713,
            59.458437
          ],
          [
            24.717105,
            59.458427
          ],
          [
            24.717117,
            59.458448
          ],
          [
            24.717142,
            59.458445
          ],
          [
            24.717132,
            59.458462
          ]
        ]
      },
      "properties": {
        "mmsi": 276158000,
        "points": 11,
        "start": "2026-09-30T04:46:46.576420",
        "end": "2026-09-30T07:32:48.428687"
      }
    },
    {
      "type": "Feature",
      "geometry": {
        "type": "LineString",
        "coordinates": [
          [
            24.70854,
            59.45799
          ],
          [
            24.708535,
            59.457993
          ],
          [
            24.70855,
            59.457973
          ],
          [
            24.708527,
            59.45798
          ],
          [
            24.708505,
            59.457957
          ],
          [
            24.708502,
            59.457982
          ],
          [
            24.708493,
            59.457978
          ],
          [
            24.708532,
            59.45799
          ],
          [
            24.70851,
            59.457963
          ],
          [
            24.708525,
            59.457977
          ],
          [
            24.708533,
            59.457978
          ]
        ]
      },
      "properties": {
        "mmsi": 276260000,
        "points": 11,
        "start": "2026-09-30T04:46:46.576420",
        "end": "2026-09-30T07:32:48.428687"
      }
    },
    {
      "type": "Feature",
      "geometry": {
        "type": "LineString",
        "coordinates": [
          [
            24.816757,
            59.49896
          ],
          [
            24.816802,
            59.49902
          ],
          [
            24.816785,
            59.499
          ],
          [
            24.816785,
            59.498978
          ],
          [
            24.816767,
            59.498993
          ],
          [
            24.816782,
            59.498992
          ],
          [
            24.816787,
            59.49899
          ],
          [
            24.816783,
            59.498993
          ],
          [
            24.816768,
            59.499002
          ],
          [
            24.816765,
            59.499007
          ],
          [
            24.816777,
            59.498997
          ]
        ]
      },
      "properties": {
        "mmsi": 276306000,
        "points": 11,
        "start": "2026-09-30T04:46:46.576420",
        "end": "2026-09-30T07:32:48.428687"
      }
    },
    {
      "type": "Feature",
      "geometry": {
        "type": "LineString",
        "coordinates": [
          [
            24.73949,
            59.454403
          ],
          [
            24.739538,
            59.454392
          ],
          [
            24.739508,
            59.454395
          ],
          [
            24.739528,
            59.454397
          ],
          [
            24.739515,
            59.454398
          ],
          [
            24.73952,
            59.454398
          ],
          [
            24.73951,
            59.454398
          ],
          [
            24.739517,
            59.454393
          ],
          [
            24.739528,
            59.454405
          ],
          [
            24.739518,
            59.454398
          ],
          [
            24.739515,
            59.454422
          ]
        ]
      },
      "properties": {
        "mmsi": 276329000,
        "points": 11,
        "start": "2026-09-30T04:46:46.576420",
        "end": "2026-09-30T07:32:48.428687"
      }
    },
    {
      "type": "Feature",
      "geometry": {
        "type": "LineString",
        "coordinates": [
          [
            24.073682,
            59.387267
          ],
          [
            24.07382,
            59.38727
          ],
          [
            24.079327,
            59.390702
          ],
          [
            24.073335,
            59.388923
          ],
          [
            24.07337,
            59.388937
          ],
          [
            24.0734,
            59.388902
          ],
          [
            24.073388,
            59.388935
          ],
          [
            24.073378,
            59.388932
          ],
          [
            24.073375,
            59.388942
          ],
          [
            24.073307,
            59.388947
          ],
          [
            24.073338,
            59.388918
          ]
        ]
      },
      "properties": {
        "mmsi": 276342000,
        "points": 11,
        "start": "2026-09-30T04:46:46.576420",
        "end": "2026-09-30T07:32:48.428687"
      }
    },
    {
      "type": "Feature",
      "geometry": {
        "type": "LineString",
        "coordinates": [
          [
            24.801683,
            59.653662
          ],
          [
            24.84375,
            59.661767
          ],
          [
            24.90561,
            59.667455
          ],
          [
            24.996917,
            59.676033
          ],
          [
            25.054325,
            59.682867
          ],
          [
            25.11072,
            59.689233
          ],
          [
            25.147213,
            59.69348
          ],
          [
            25.255888,
            59.706493
          ],
          [
            25.26531,
            59.707858
          ],
          [
            25.265307,
            59.707867
          ],
          [
            25.265462,
            59.707948
          ]
        ]
      },
      "properties": {
        "mmsi": 276415000,
        "points": 11,
        "start": "2026-09-30T04:46:46.576420",
        "end": "2026-09-30T07:32:48.428687"
      }
    },
    {
      "type": "Feature",
      "geometry": {
        "type": "LineString",
        "coordinates": [
          [
            24.940712,
            59.496912
          ],
          [
            24.940703,
            59.496915
          ],
          [
            24.940695,
            59.496902
          ],
          [
            24.940708,
            59.496917
          ],
          [
            24.940707,
            59.496908
          ],
          [
            24.940702,
            59.496903
          ],
          [
            24.940695,
            59.496913
          ],
          [
            24.940698,
            59.49691
          ],
          [
            24.940707,
            59.496912
          ],
          [
            24.940708,
            59.496913
          ],
          [
            24.940697,
            59.496912
          ]
        ]
      },
      "properties": {
        "mmsi": 276421000,
        "points": 11,
        "start": "2026-09-30T04:46:46.576420",
        "end": "2026-09-30T07:32:48.428687"
      }
    },
    {
      "type": "Feature",
      "geometry": {
        "type": "LineString",
        "coordinates": [
          [
            24.719395,
            59.457415
          ],
          [
            24.719343,
            59.457437
          ],
          [
            24.719317,
            59.457433
          ],
          [
            24.7659,
            59.495155
          ],
          [
            24.753063,
            59.528915
          ],
          [
            24.732108,
            59.561387
          ],
          [
            24.71979,
            59.581887
          ],
          [
            24.709707,
            59.643178
          ],
          [
            24.729467,
            59.712053
          ],
          [
            24.719538,
            59.67218
          ],
          [
            24.717367,
            59.592473
          ]
        ]
      },
      "properties": {
        "mmsi": 276432000,
        "points": 11,
        "start": "2026-09-30T04:46:46.576420",
        "end": "2026-09-30T07:32:48.428687"
      }
    },
    {
      "type": "Feature",
      "geometry": {
        "type": "LineString",
        "coordinates": [
          [
            24.6497,
            59.458822
          ],
          [
            24.6497,
            59.458822
          ]
        ]
      },
      "properties": {
        "mmsi": 276482000,
        "points": 2,
        "start": "2026-09-30T05:07:57.583814",
        "end": "2026-09-30T07:06:43.439788"
      }
    },
    {
      "type": "Feature",
      "geometry": {
        "type": "LineString",
        "coordinates": [
          [
            24.927787,
            60.160357
          ],
          [
            24.927748,
            60.160327
          ],
          [
            24.927767,
            60.160335
          ],
          [
            24.927767,
            60.16035
          ],
          [
            24.927778,
            60.160338
          ],
          [
            24.927758,
            60.16034
          ],
          [
            24.927793,
            60.160328
          ],
          [
            24.927738,
            60.160372
          ],
          [
            24.927818,
            60.160322
          ],
          [
            24.927753,
            60.160327
          ],
          [
            24.927785,
            60.160318
          ]
        ]
      },
      "properties": {
        "mmsi": 276504000,
        "points": 11,
        "start": "2026-09-30T04:46:46.576420",
        "end": "2026-09-30T07:32:48.428687"
      }
    },
    {
      "type": "Feature",
      "geometry": {
        "type": "LineString",
        "coordinates": [
          [
            24.768503,
            59.444758
          ],
          [
            24.768502,
            59.444758
          ],
          [
            24.768512,
            59.444762
          ],
          [
            24.768505,
            59.444757
          ],
          [
            24.768505,
            59.444755
          ],
          [
            24.768502,
            59.444755
          ],
          [
            24.768498,
            59.444755
          ],
          [
            24.7685,
            59.44476
          ],
          [
            24.768512,
            59.444757
          ],
          [
            24.768505,
            59.444758
          ],
          [
            24.768508,
            59.44476
          ]
        ]
      },
      "properties": {
        "mmsi": 276519000,
        "points": 11,
        "start": "2026-09-30T04:46:46.576420",
        "end": "2026-09-30T07:32:48.428687"
      }
    },
    {
      "type": "Feature",
      "geometry": {
        "type": "LineString",
        "coordinates": [
          [
            24.71982,
            59.457837
          ],
          [
            24.719828,
            59.457817
          ],
          [
            24.719835,
            59.45781
          ],
          [
            24.719843,
            59.45781
          ],
          [
            24.71983,
            59.457817
          ],
          [
            24.719832,
            59.457823
          ],
          [
            24.719832,
            59.45781
          ],
          [
            24.719827,
            59.457823
          ],
          [
            24.71983,
            59.457817
          ],
          [
            24.719845,
            59.45781
          ],
          [
            24.71983,
            59.457817
          ]
        ]
      },
      "properties": {
        "mmsi": 276551000,
        "points": 11,
        "start": "2026-09-30T04:46:46.576420",
        "end": "2026-09-30T07:32:48.428687"
      }
    },
    {
      "type": "Feature",
      "geometry": {
        "type": "LineString",
        "coordinates": [
          [
            24.6511,
            59.464633
          ],
          [
            24.651083,
            59.4648
          ],
          [
            24.648583,
            59.463267
          ],
          [
            24.650033,
            59.45625
          ],
          [
            24.649983,
            59.4531
          ],
          [
            24.654133,
            59.4543
          ],
          [
            24.6568,
            59.4561
          ],
          [
            24.657083,
            59.457333
          ],
          [
            24.655983,
            59.450633
          ],
          [
            24.6649,
            59.45405
          ],
          [
            24.665583,
            59.455183
          ]
        ]
      },
      "properties": {
        "mmsi": 276636000,
        "points": 11,
        "start": "2026-09-30T04:46:46.576420",
        "end": "2026-09-30T07:32:48.428687"
      }
    },
    {
      "type": "Feature",
      "geometry": {
        "type": "LineString",
        "coordinates": [
          [
            24.939283,
            59.49846
          ],
          [
            24.939177,
            59.49844
          ],
          [
            24.939303,
            59.49847
          ],
          [
            24.93914,
            59.49839
          ],
          [
            24.939168,
            59.49841
          ],
          [
            24.939155,
            59.498428
          ],
          [
            24.939167,
            59.498435
          ],
          [
            24.9391,
            59.49842
          ],
          [
            24.939162,
            59.498453
          ],
          [
            24.940748,
            59.519762
          ],
          [
            24.895808,
            59.556653
          ]
        ]
      },
      "properties": {
        "mmsi": 276675000,
        "points": 11,
        "start": "2026-09-30T04:46:46.576420",
        "end": "2026-09-30T07:32:48.428687"
      }
    },
    {
      "type": "Feature",
      "geometry": {
        "type": "LineString",
        "coordinates": [
          [
            25.197932,
            60.220887
          ],
          [
            25.197865,
            60.220918
          ],
          [
            25.19784,
            60.220918
          ],
          [
            25.197892,
            60.220872
          ],
          [
            25.197902,
            60.220857
          ],
          [
            25.197842,
            60.220872
          ],
          [
            25.197832,
            60.220882
          ],
          [
            25.197842,
            60.220878
          ],
          [
            25.197935,
            60.220898
          ],
          [
            25.197897,
            60.220883
          ],
          [
            25.197928,
            60.220842
          ]
        ]
      },
      "properties": {
        "mmsi": 276718000,
        "points": 11,
        "start": "2026-09-30T04:46:46.576420",
        "end": "2026-09-30T07:32:48.428687"
      }
    },
    {
      "type": "Feature",
      "geometry": {
        "type": "LineString",
        "coordinates": [
          [
            24.078172,
            59.334878
          ],
          [
            24.0706,
            59.330977
          ],
          [
            24.041995,
            59.343718
          ],
          [
            24.032992,
            59.346615
          ],
          [
            24.061955,
            59.33471
          ],
          [
            24.078162,
            59.334875
          ],
          [
            24.078178,
            59.334882
          ]
        ]
      },
      "properties": {
        "mmsi": 276752000,
        "points": 7,
        "start": "2026-09-30T04:46:46.576420",
        "end": "2026-09-30T06:49:35.872600"
      }
    },
    {
      "type": "Feature",
      "geometry": {
        "type": "LineString",
        "coordinates": [
          [
            24.939258,
            59.498342
          ],
          [
            24.939187,
            59.498262
          ],
          [
            24.942212,
            59.498197
          ],
          [
            24.950237,
            59.500698
          ],
          [
            24.939287,
            59.498358
          ],
          [
            24.93926,
            59.498335
          ],
          [
            24.939248,
            59.498353
          ],
          [
            24.93927,
            59.498333
          ],
          [
            24.939072,
            59.498528
          ],
          [
            24.94072,
            59.519613
          ],
          [
            24.89589,
            59.556542
          ]
        ]
      },
      "properties": {
        "mmsi": 276756000,
        "points": 11,
        "start": "2026-09-30T04:46:46.576420",
        "end": "2026-09-30T07:32:48.428687"
      }
    },
    {
      "type": "Feature",
      "geometry": {
        "type": "LineString",
        "coordinates": [
          [
            24.720052,
            59.457953
          ],
          [
            24.720062,
            59.457975
          ],
          [
            24.720105,
            59.457992
          ],
          [
            24.720073,
            59.457958
          ],
          [
            24.720072,
            59.457977
          ],
          [
            24.720075,
            59.457973
          ],
          [
            24.720032,
            59.45798
          ],
          [
            24.72006,
            59.457955
          ],
          [
            24.72009,
            59.457962
          ],
          [
            24.720067,
            59.457958
          ],
          [
            24.720082,
            59.457948
          ]
        ]
      },
      "properties": {
        "mmsi": 276781000,
        "points": 11,
        "start": "2026-09-30T04:46:46.576420",
        "end": "2026-09-30T07:32:48.428687"
      }
    },
    {
      "type": "Feature",
      "geometry": {
        "type": "LineString",
        "coordinates": [
          [
            24.720842,
            59.458613
          ],
          [
            24.720845,
            59.458608
          ],
          [
            24.72085,
            59.45861
          ],
          [
            24.720858,
            59.458612
          ],
          [
            24.720858,
            59.458608
          ],
          [
            24.720858,
            59.458608
          ],
          [
            24.720857,
            59.458607
          ],
          [
            24.72085,
            59.458612
          ],
          [
            24.720857,
            59.458608
          ],
          [
            24.720852,
            59.45861
          ],
          [
            24.720853,
            59.45861
          ]
        ]
      },
      "properties": {
        "mmsi": 276784000,
        "points": 11,
        "start": "2026-09-30T04:46:46.576420",
        "end": "2026-09-30T07:32:48.428687"
      }
    },
    {
      "type": "Feature",
      "geometry": {
        "type": "LineString",
        "coordinates": [
          [
            24.792417,
            59.558658
          ],
          [
            24.792423,
            59.55866
          ],
          [
            24.792423,
            59.558653
          ],
          [
            24.792422,
            59.558648
          ],
          [
            24.792413,
            59.558645
          ],
          [
            24.79242,
            59.558652
          ],
          [
            24.792417,
            59.55865
          ],
          [
            24.792422,
            59.55865
          ],
          [
            24.792425,
            59.55865
          ],
          [
            24.792427,
            59.558655
          ],
          [
            24.792425,
            59.558658
          ]
        ]
      },
      "properties": {
        "mmsi": 276797000,
        "points": 11,
        "start": "2026-09-30T04:46:46.576420",
        "end": "2026-09-30T07:32:48.428687"
      }
    },
    {
      "type": "Feature",
      "geometry": {
        "type": "LineString",
        "coordinates": [
          [
            24.940015,
            59.497687
          ],
          [
            24.940027,
            59.49771
          ],
          [
            24.940022,
            59.497683
          ],
          [
            24.940005,
            59.49771
          ],
          [
            24.940032,
            59.49769
          ],
          [
            24.940023,
            59.497705
          ],
          [
            24.94002,
            59.497695
          ],
          [
            24.940013,
            59.497688
          ],
          [
            24.940015,
            59.497697
          ],
          [
            24.940007,
            59.497673
          ],
          [
            24.940012,
            59.497688
          ]
        ]
      },
      "properties": {
        "mmsi": 276809000,
        "points": 11,
        "start": "2026-09-30T04:46:46.576420",
        "end": "2026-09-30T07:32:48.428687"
      }
    },
    {
      "type": "Feature",
      "geometry": {
        "type": "LineString",
        "coordinates": [
          [
            25.043015,
            59.60842
          ],
          [
            25.008058,
            59.595383
          ],
          [
            24.952615,
            59.581007
          ],
          [
            24.875905,
            59.555512
          ],
          [
            24.867133,
            59.55113
          ],
          [
            24.86713,
            59.551128
          ],
          [
            24.86713,
            59.551128
          ],
          [
            24.903455,
            59.591525
          ],
          [
            24.979322,
            59.650203
          ],
          [
            25.012317,
            59.637248
          ],
          [
            25.012318,
            59.637247
          ]
        ]
      },
      "properties": {
        "mmsi": 276810000,
        "points": 11,
        "start": "2026-09-30T04:46:46.576420",
        "end": "2026-09-30T07:32:48.428687"
      }
    },
    {
      "type": "Feature",
      "geometry": {
        "type": "LineString",
        "coordinates": [
          [
            24.897667,
            60.014513
          ],
          [
            24.883427,
            59.960243
          ],
          [
            24.830992,
            59.885542
          ],
          [
            24.748605,
            59.77703
          ],
          [
            24.702972,
            59.707252
          ],
          [
            24.67379,
            59.637222
          ],
          [
            24.674128,
            59.592282
          ],
          [
            24.767368,
            59.467895
          ],
          [
            24.77021,
            59.444182
          ],
          [
            24.770213,
            59.444173
          ],
          [
            24.758953,
            59.49633
          ]
        ]
      },
      "properties": {
        "mmsi": 276829000,
        "points": 11,
        "start": "2026-09-30T04:46:46.576420",
        "end": "2026-09-30T07:32:48.428687"
      }
    },
    {
      "type": "Feature",
      "geometry": {
        "type": "LineString",
        "coordinates": [
          [
            24.297803,
            59.480152
          ],
          [
            24.331217,
            59.490572
          ],
          [
            24.385718,
            59.492703
          ],
          [
            24.461778,
            59.492997
          ],
          [
            24.504165,
            59.492757
          ],
          [
            24.545633,
            59.492305
          ],
          [
            24.566527,
            59.484573
          ],
          [
            24.630842,
            59.460538
          ],
          [
            24.66335,
            59.453208
          ],
          [
            24.66438,
            59.453222
          ],
          [
            24.666608,
            59.454512
          ]
        ]
      },
      "properties": {
        "mmsi": 276832000,
        "points": 11,
        "start": "2026-09-30T04:46:46.576420",
        "end": "2026-09-30T07:32:48.428687"
      }
    },
    {
      "type": "Feature",
      "geometry": {
        "type": "LineString",
        "coordinates": [
          [
            24.703163,
            59.457552
          ],
          [
            24.70317,
            59.457533
          ],
          [
            24.703152,
            59.457527
          ],
          [
            24.703018,
            59.457543
          ],
          [
            24.703167,
            59.457555
          ],
          [
            24.703165,
            59.457563
          ],
          [
            24.70315,
            59.457543
          ],
          [
            24.70316,
            59.457582
          ],
          [
            24.703117,
            59.45762
          ],
          [
            24.703162,
            59.457587
          ],
          [
            24.703155,
            59.457587
          ]
        ]
      },
      "properties": {
        "mmsi": 276835000,
        "points": 11,
        "start": "2026-09-30T04:46:46.576420",
        "end": "2026-09-30T07:32:48.428687"
      }
    },
    {
      "type": "Feature",
      "geometry": {
        "type": "LineString",
        "coordinates": [
          [
            24.649295,
            59.46526
          ],
          [
            24.649337,
            59.465103
          ],
          [
            24.648795,
            59.464982
          ],
          [
            24.647465,
            59.457733
          ],
          [
            24.650112,
            59.454695
          ],
          [
            24.65478,
            59.454997
          ],
          [
            24.656722,
            59.456508
          ],
          [
            24.65743,
            59.457925
          ],
          [
            24.655693,
            59.457138
          ],
          [
            24.65577,
            59.457168
          ],
          [
            24.65563,
            59.45711
          ]
        ]
      },
      "properties": {
        "mmsi": 276837000,
        "points": 11,
        "start": "2026-09-30T04:46:46.576420",
        "end": "2026-09-30T07:32:48.428687"
      }
    },
    {
      "type": "Feature",
      "geometry": {
        "type": "LineString",
        "coordinates": [
          [
            24.764762,
            59.44365
          ],
          [
            24.777503,
            59.449543
          ],
          [
            24.7506,
            59.476268
          ],
          [
            24.686808,
            59.503438
          ],
          [
            24.634038,
            59.492737
          ],
          [
            24.61694,
            59.468432
          ],
          [
            24.638293,
            59.454588
          ],
          [
            24.64486,
            59.450268
          ],
          [
            24.65321,
            59.44985
          ],
          [
            24.664315,
            59.452278
          ],
          [
            24.664657,
            59.453892
          ]
        ]
      },
      "properties": {
        "mmsi": 276847000,
        "points": 11,
        "start": "2026-09-30T04:46:46.576420",
        "end": "2026-09-30T07:32:48.428687"
      }
    },
    {
      "type": "Feature",
      "geometry": {
        "type": "LineString",
        "coordinates": [
          [
            26.917728,
            60.437523
          ],
          [
            26.917728,
            60.437525
          ],
          [
            26.91773,
            60.437525
          ],
          [
            26.917737,
            60.437527
          ],
          [
            26.91774,
            60.437527
          ],
          [
            26.917738,
            60.437525
          ],
          [
            26.917733,
            60.437525
          ],
          [
            26.91773,
            60.437523
          ],
          [
            26.917732,
            60.437522
          ],
          [
            26.917732,
            60.437523
          ],
          [
            26.917733,
            60.437523
          ]
        ]
      },
      "properties": {
        "mmsi": 276858000,
        "points": 11,
        "start": "2026-09-30T04:46:46.576420",
        "end": "2026-09-30T07:32:48.428687"
      }
    },
    {
      "type": "Feature",
      "geometry": {
        "type": "LineString",
        "coordinates": [
          [
            24.700057,
            59.58122
          ],
          [
            24.702947,
            59.634188
          ],
          [
            24.768272,
            59.70561
          ],
          [
            24.821447,
            59.818637
          ],
          [
            24.854488,
            59.891262
          ],
          [
            24.88491,
            59.961532
          ],
          [
            24.898472,
            60.006985
          ],
          [
            24.905228,
            60.126083
          ],
          [
            24.914743,
            60.147988
          ],
          [
            24.914752,
            60.147985
          ],
          [
            24.89979,
            60.094567
          ]
        ]
      },
      "properties": {
        "mmsi": 276859000,
        "points": 11,
        "start": "2026-09-30T04:46:46.576420",
        "end": "2026-09-30T07:32:48.428687"
      }
    },
    {
      "type": "Feature",
      "geometry": {
        "type": "LineString",
        "coordinates": [
          [
            24.940833,
            59.497252
          ],
          [
            24.940875,
            59.497252
          ],
          [
            24.940857,
            59.497237
          ],
          [
            24.940845,
            59.497253
          ],
          [
            24.940885,
            59.497247
          ],
          [
            24.940837,
            59.497243
          ],
          [
            24.940873,
            59.497267
          ],
          [
            24.94082,
            59.49725
          ],
          [
            24.940867,
            59.497228
          ],
          [
            24.940845,
            59.497257
          ],
          [
            24.940862,
            59.497247
          ]
        ]
      },
      "properties": {
        "mmsi": 276861000,
        "points": 11,
        "start": "2026-09-30T04:46:46.576420",
        "end": "2026-09-30T07:32:48.428687"
      }
    },
    {
      "type": "Feature",
      "geometry": {
        "type": "LineString",
        "coordinates": [
          [
            24.752457,
            59.447785
          ],
          [
            24.752445,
            59.447738
          ],
          [
            24.75247,
            59.447742
          ],
          [
            24.752482,
            59.447758
          ],
          [
            24.75248,
            59.447775
          ],
          [
            24.75248,
            59.447767
          ],
          [
            24.752517,
            59.447802
          ],
          [
            24.752423,
            59.447767
          ],
          [
            24.752463,
            59.447745
          ],
          [
            24.752482,
            59.447782
          ],
          [
            24.752448,
            59.447768
          ]
        ]
      },
      "properties": {
        "mmsi": 276864000,
        "points": 11,
        "start": "2026-09-30T04:46:46.576420",
        "end": "2026-09-30T07:32:48.428687"
      }
    },
    {
      "type": "Feature",
      "geometry": {
        "type": "LineString",
        "coordinates": [
          [
            24.767515,
            59.441775
          ],
          [
            24.767543,
            59.441783
          ],
          [
            24.767557,
            59.441785
          ],
          [
            24.767552,
            59.44178
          ],
          [
            24.767562,
            59.441778
          ],
          [
            24.767528,
            59.441775
          ],
          [
            24.767543,
            59.441772
          ],
          [
            24.767515,
            59.44177
          ],
          [
            24.767508,
            59.441775
          ],
          [
            24.767463,
            59.441765
          ],
          [
            24.767583,
            59.44176
          ]
        ]
      },
      "properties": {
        "mmsi": 299999999,
        "points": 11,
        "start": "2026-09-30T04:46:46.576420",
        "end": "2026-09-30T07:32:48.428687"
      }
    },
    {
      "type": "Feature",
      "geometry": {
        "type": "LineString",
        "coordinates": [
          [
            24.705013,
            59.459032
          ],
          [
            24.70501,
            59.45903
          ],
          [
            24.705002,
            59.459027
          ],
          [
            24.704997,
            59.45903
          ],
          [
            24.704993,
            59.45902
          ],
          [
            24.705008,
            59.459023
          ],
          [
            24.704993,
            59.459022
          ],
          [
            24.705007,
            59.459037
          ],
          [
            24.70498,
            59.459022
          ],
          [
            24.705017,
            59.459045
          ]
        ]
      },
      "properties": {
        "mmsi": 304176000,
        "points": 10,
        "start": "2026-09-30T04:46:46.576420",
        "end": "2026-09-30T07:32:48.428687"
      }
    },
    {
      "type": "Feature",
      "geometry": {
        "type": "LineString",
        "coordinates": [
          [
            26.916018,
            59.99903
          ],
          [
            26.760852,
            60.01184
          ]
        ]
      },
      "properties": {
        "mmsi": 304188000,
        "points": 2,
        "start": "2026-09-30T07:06:43.439788",
        "end": "2026-09-30T07:32:48.428687"
      }
    },
    {
      "type": "Feature",
      "geometry": {
        "type": "LineString",
        "coordinates": [
          [
            24.959098,
            59.492997
          ],
          [
            24.95912,
            59.492993
          ],
          [
            24.959148,
            59.492975
          ],
          [
            24.959127,
            59.492988
          ],
          [
            24.95914,
            59.492997
          ],
          [
            24.959123,
            59.492988
          ],
          [
            24.959157,
            59.492987
          ],
          [
            24.959143,
            59.492987
          ],
          [
            24.95916,
            59.49298
          ],
          [
            24.959173,
            59.492948
          ],
          [
            24.95916,
            59.492967
          ]
        ]
      },
      "properties": {
        "mmsi": 305089300,
        "points": 11,
        "start": "2026-09-30T04:46:46.576420",
        "end": "2026-09-30T07:32:48.428687"
      }
    },
    {
      "type": "Feature",
      "geometry": {
        "type": "LineString",
        "coordinates": [
          [
            25.98817,
            59.832733
          ],
          [
            25.987777,
            59.832823
          ],
          [
            25.98794,
            59.832777
          ],
          [
            25.987808,
            59.83276
          ],
          [
            25.98822,
            59.832567
          ],
          [
            25.987678,
            59.832688
          ],
          [
            25.98816,
            59.832573
          ],
          [
            25.987643,
            59.832758
          ],
          [
            25.987787,
            59.832748
          ],
          [
            25.9874,
            59.83288
          ],
          [
            25.987568,
            59.833077
          ]
        ]
      },
      "properties": {
        "mmsi": 305238000,
        "points": 11,
        "start": "2026-09-30T04:46:46.576420",
        "end": "2026-09-30T07:32:48.428687"
      }
    },
    {
      "type": "Feature",
      "geometry": {
        "type": "LineString",
        "coordinates": [
          [
            26.545538,
            59.52669
          ],
          [
            26.545532,
            59.526675
          ],
          [
            26.545522,
            59.52666
          ]
        ]
      },
      "properties": {
        "mmsi": 305284000,
        "points": 3,
        "start": "2026-09-30T04:46:46.576420",
        "end": "2026-09-30T05:56:31.351500"
      }
    },
    {
      "type": "Feature",
      "geometry": {
        "type": "LineString",
        "coordinates": [
          [
            25.395587,
            59.823657
          ],
          [
            25.451978,
            59.8291
          ],
          [
            25.530362,
            59.837552
          ],
          [
            25.646285,
            59.85083
          ],
          [
            25.719237,
            59.858368
          ],
          [
            25.789503,
            59.86718
          ],
          [
            25.833337,
            59.873052
          ],
          [
            25.961887,
            59.890715
          ],
          [
            26.151562,
            59.919545
          ],
          [
            26.249063,
            59.934848
          ],
          [
            26.409527,
            59.958592
          ]
        ]
      },
      "properties": {
        "mmsi": 305342000,
        "points": 11,
        "start": "2026-09-30T04:46:46.576420",
        "end": "2026-09-30T07:32:48.428687"
      }
    },
    {
      "type": "Feature",
      "geometry": {
        "type": "LineString",
        "coordinates": [
          [
            24.084472,
            59.33225
          ],
          [
            24.059643,
            59.32782
          ]
        ]
      },
      "properties": {
        "mmsi": 308803000,
        "points": 2,
        "start": "2026-09-30T04:46:46.576420",
        "end": "2026-09-30T04:56:04.295233"
      }
    },
    {
      "type": "Feature",
      "geometry": {
        "type": "LineString",
        "coordinates": [
          [
            26.928938,
            59.998187
          ],
          [
            26.853768,
            60.003747
          ],
          [
            26.807162,
            60.007182
          ],
          [
            26.667332,
            60.018237
          ],
          [
            26.46275,
            60.0124
          ],
          [
            26.359442,
            59.996917
          ],
          [
            26.188167,
            59.975757
          ]
        ]
      },
      "properties": {
        "mmsi": 311002127,
        "points": 7,
        "start": "2026-09-30T05:37:49.570918",
        "end": "2026-09-30T07:32:48.428687"
      }
    },
    {
      "type": "Feature",
      "geometry": {
        "type": "LineString",
        "coordinates": [
          [
            25.724875,
            59.839167
          ],
          [
            25.724997,
            59.839163
          ],
          [
            25.724745,
            59.839335
          ],
          [
            25.72442,
            59.83944
          ],
          [
            25.724762,
            59.839298
          ],
          [
            25.724437,
            59.839483
          ],
          [
            25.724437,
            59.839373
          ],
          [
            25.723988,
            59.839853
          ],
          [
            25.723765,
            59.839883
          ],
          [
            25.723558,
            59.840172
          ],
          [
            25.7235,
            59.840437
          ]
        ]
      },
      "properties": {
        "mmsi": 311002223,
        "points": 11,
        "start": "2026-09-30T04:46:46.576420",
        "end": "2026-09-30T07:32:48.428687"
      }
    },
    {
      "type": "Feature",
      "geometry": {
        "type": "LineString",
        "coordinates": [
          [
            25.887835,
            59.85942
          ],
          [
            25.88827,
            59.85916
          ],
          [
            25.887688,
            59.859333
          ],
          [
            25.887867,
            59.859247
          ],
          [
            25.888468,
            59.859167
          ],
          [
            25.88777,
            59.8594
          ],
          [
            25.888355,
            59.85922
          ],
          [
            25.888112,
            59.859427
          ],
          [
            25.88742,
            59.859753
          ],
          [
            25.887118,
            59.860033
          ],
          [
            25.886972,
            59.860193
          ]
        ]
      },
      "properties": {
        "mmsi": 312494000,
        "points": 11,
        "start": "2026-09-30T04:46:46.576420",
        "end": "2026-09-30T07:32:48.428687"
      }
    },
    {
      "type": "Feature",
      "geometry": {
        "type": "LineString",
        "coordinates": [
          [
            24.181568,
            59.644205
          ],
          [
            24.181425,
            59.644357
          ],
          [
            24.181363,
            59.64446
          ],
          [
            24.181415,
            59.644413
          ],
          [
            24.181422,
            59.64437
          ],
          [
            24.181485,
            59.644367
          ],
          [
            24.181533,
            59.644255
          ],
          [
            24.181482,
            59.6444
          ],
          [
            24.181482,
            59.644702
          ],
          [
            24.181408,
            59.644593
          ],
          [
            24.181137,
            59.644613
          ]
        ]
      },
      "properties": {
        "mmsi": 314001082,
        "points": 11,
        "start": "2026-09-30T04:46:46.576420",
        "end": "2026-09-30T07:32:48.428687"
      }
    },
    {
      "type": "Feature",
      "geometry": {
        "type": "LineString",
        "coordinates": [
          [
            26.040455,
            59.883123
          ],
          [
            26.040523,
            59.883227
          ],
          [
            26.040588,
            59.883072
          ],
          [
            26.040607,
            59.883073
          ],
          [
            26.040477,
            59.883127
          ],
          [
            26.040268,
            59.88332
          ],
          [
            26.04023,
            59.883283
          ],
          [
            26.039783,
            59.883703
          ],
          [
            26.039922,
            59.883505
          ],
          [
            26.039762,
            59.883728
          ],
          [
            26.039578,
            59.884147
          ]
        ]
      },
      "properties": {
        "mmsi": 314001132,
        "points": 11,
        "start": "2026-09-30T04:46:46.576420",
        "end": "2026-09-30T07:32:48.428687"
      }
    },
    {
      "type": "Feature",
      "geometry": {
        "type": "LineString",
        "coordinates": [
          [
            26.01745,
            59.843302
          ],
          [
            26.01743,
            59.843293
          ],
          [
            26.01716,
            59.843403
          ],
          [
            26.017325,
            59.843373
          ],
          [
            26.017317,
            59.843388
          ],
          [
            26.017297,
            59.84336
          ],
          [
            26.017327,
            59.84333
          ],
          [
            26.016837,
            59.843608
          ],
          [
            26.01674,
            59.843808
          ],
          [
            26.016457,
            59.844
          ],
          [
            26.01633,
            59.8442
          ]
        ]
      },
      "properties": {
        "mmsi": 314249000,
        "points": 11,
        "start": "2026-09-30T04:46:46.576420",
        "end": "2026-09-30T07:32:48.428687"
      }
    },
    {
      "type": "Feature",
      "geometry": {
        "type": "LineString",
        "coordinates": [
          [
            25.199922,
            60.21298
          ],
          [
            25.199952,
            60.212983
          ],
          [
            25.199965,
            60.212978
          ],
          [
            25.199898,
            60.212957
          ],
          [
            25.1999,
            60.212957
          ],
          [
            25.19997,
            60.21297
          ],
          [
            25.19989,
            60.212952
          ],
          [
            25.199985,
            60.213003
          ],
          [
            25.19997,
            60.212905
          ],
          [
            25.199918,
            60.213053
          ],
          [
            25.200055,
            60.21297
          ]
        ]
      },
      "properties": {
        "mmsi": 314456000,
        "points": 11,
        "start": "2026-09-30T04:46:46.576420",
        "end": "2026-09-30T07:32:48.428687"
      }
    },
    {
      "type": "Feature",
      "geometry": {
        "type": "LineString",
        "coordinates": [
          [
            25.818242,
            59.822685
          ],
          [
            25.81816,
            59.822665
          ],
          [
            25.818003,
            59.822727
          ],
          [
            25.817988,
            59.822675
          ],
          [
            25.818018,
            59.822693
          ],
          [
            25.81777,
            59.82282
          ],
          [
            25.817962,
            59.822738
          ],
          [
            25.81774,
            59.822893
          ],
          [
            25.817443,
            59.823103
          ],
          [
            25.817247,
            59.823338
          ],
          [
            25.817315,
            59.823188
          ]
        ]
      },
      "properties": {
        "mmsi": 341421002,
        "points": 11,
        "start": "2026-09-30T04:46:46.576420",
        "end": "2026-09-30T07:32:48.428687"
      }
    },
    {
      "type": "Feature",
      "geometry": {
        "type": "LineString",
        "coordinates": [
          [
            25.844857,
            59.824357
          ],
          [
            25.844478,
            59.824588
          ],
          [
            25.844685,
            59.824523
          ],
          [
            25.844205,
            59.824575
          ],
          [
            25.844715,
            59.824297
          ],
          [
            25.84406,
            59.824642
          ],
          [
            25.844282,
            59.824585
          ],
          [
            25.844197,
            59.824622
          ],
          [
            25.843648,
            59.825222
          ],
          [
            25.84364,
            59.825122
          ],
          [
            25.843617,
            59.825282
          ]
        ]
      },
      "properties": {
        "mmsi": 341425000,
        "points": 11,
        "start": "2026-09-30T04:46:46.576420",
        "end": "2026-09-30T07:32:48.428687"
      }
    },
    {
      "type": "Feature",
      "geometry": {
        "type": "LineString",
        "coordinates": [
          [
            24.64851,
            59.465763
          ],
          [
            24.648513,
            59.465738
          ],
          [
            24.648527,
            59.465763
          ],
          [
            24.648538,
            59.465753
          ],
          [
            24.648507,
            59.46575
          ],
          [
            24.648513,
            59.465758
          ],
          [
            24.648453,
            59.465762
          ],
          [
            24.648492,
            59.465763
          ],
          [
            24.648478,
            59.465762
          ],
          [
            24.648502,
            59.46576
          ],
          [
            24.648503,
            59.465757
          ]
        ]
      },
      "properties": {
        "mmsi": 341477002,
        "points": 11,
        "start": "2026-09-30T04:46:46.576420",
        "end": "2026-09-30T07:32:48.428687"
      }
    },
    {
      "type": "Feature",
      "geometry": {
        "type": "LineString",
        "coordinates": [
          [
            25.809435,
            59.847303
          ],
          [
            25.809383,
            59.847263
          ],
          [
            25.809215,
            59.847517
          ],
          [
            25.809067,
            59.847563
          ],
          [
            25.808953,
            59.847508
          ],
          [
            25.808705,
            59.847618
          ],
          [
            25.808788,
            59.847662
          ],
          [
            25.808832,
            59.847697
          ],
          [
            25.808183,
            59.84831
          ],
          [
            25.808197,
            59.848483
          ],
          [
            25.808132,
            59.848712
          ]
        ]
      },
      "properties": {
        "mmsi": 351988000,
        "points": 11,
        "start": "2026-09-30T04:46:46.576420",
        "end": "2026-09-30T07:32:48.428687"
      }
    },
    {
      "type": "Feature",
      "geometry": {
        "type": "LineString",
        "coordinates": [
          [
            24.134093,
            59.632518
          ],
          [
            24.134032,
            59.632583
          ],
          [
            24.134025,
            59.632645
          ],
          [
            24.133972,
            59.632793
          ],
          [
            24.133972,
            59.632798
          ],
          [
            24.13401,
            59.63271
          ],
          [
            24.13423,
            59.632542
          ],
          [
            24.13404,
            59.632848
          ],
          [
            24.133843,
            59.633153
          ],
          [
            24.133933,
            59.63283
          ],
          [
            24.134128,
            59.632945
          ]
        ]
      },
      "properties": {
        "mmsi": 352001654,
        "points": 11,
        "start": "2026-09-30T04:46:46.576420",
        "end": "2026-09-30T07:32:48.428687"
      }
    },
    {
      "type": "Feature",
      "geometry": {
        "type": "LineString",
        "coordinates": [
          [
            26.4886,
            60.1429
          ],
          [
            26.48855,
            60.142917
          ],
          [
            26.488533,
            60.142883
          ],
          [
            26.488517,
            60.143
          ],
          [
            26.488217,
            60.14305
          ],
          [
            26.48775,
            60.142617
          ],
          [
            26.488,
            60.142617
          ],
          [
            26.488083,
            60.142667
          ],
          [
            26.487483,
            60.142833
          ],
          [
            26.487417,
            60.142883
          ],
          [
            26.487233,
            60.14315
          ]
        ]
      },
      "properties": {
        "mmsi": 352002665,
        "points": 11,
        "start": "2026-09-30T04:46:46.576420",
        "end": "2026-09-30T07:32:48.428687"
      }
    },
    {
      "type": "Feature",
      "geometry": {
        "type": "LineString",
        "coordinates": [
          [
            25.502713,
            59.825043
          ],
          [
            25.50253,
            59.825148
          ],
          [
            25.503407,
            59.824625
          ],
          [
            25.502647,
            59.824887
          ],
          [
            25.502515,
            59.824853
          ],
          [
            25.50225,
            59.825097
          ],
          [
            25.502793,
            59.82486
          ],
          [
            25.502163,
            59.825067
          ],
          [
            25.502123,
            59.825212
          ],
          [
            25.502058,
            59.825342
          ],
          [
            25.501563,
            59.82592
          ]
        ]
      },
      "properties": {
        "mmsi": 352003382,
        "points": 11,
        "start": "2026-09-30T04:46:46.576420",
        "end": "2026-09-30T07:32:48.428687"
      }
    },
    {
      "type": "Feature",
      "geometry": {
        "type": "LineString",
        "coordinates": [
          [
            26.043852,
            59.851968
          ],
          [
            26.043872,
            59.851922
          ],
          [
            26.043545,
            59.852127
          ],
          [
            26.043742,
            59.851983
          ],
          [
            26.043465,
            59.852157
          ],
          [
            26.043738,
            59.85202
          ],
          [
            26.043435,
            59.852067
          ],
          [
            26.043343,
            59.852378
          ],
          [
            26.04298,
            59.852507
          ],
          [
            26.042778,
            59.85278
          ],
          [
            26.042835,
            59.852998
          ]
        ]
      },
      "properties": {
        "mmsi": 352003737,
        "points": 11,
        "start": "2026-09-30T04:46:46.576420",
        "end": "2026-09-30T07:32:48.428687"
      }
    },
    {
      "type": "Feature",
      "geometry": {
        "type": "LineString",
        "coordinates": [
          [
            25.978663,
            59.866657
          ],
          [
            25.978198,
            59.866573
          ],
          [
            25.978655,
            59.86647
          ],
          [
            25.97842,
            59.866512
          ],
          [
            25.978082,
            59.86668
          ],
          [
            25.977767,
            59.866807
          ],
          [
            25.977768,
            59.866867
          ],
          [
            25.977562,
            59.867053
          ],
          [
            25.977257,
            59.867157
          ],
          [
            25.977052,
            59.867247
          ],
          [
            25.976835,
            59.867852
          ]
        ]
      },
      "properties": {
        "mmsi": 352005165,
        "points": 11,
        "start": "2026-09-30T04:46:46.576420",
        "end": "2026-09-30T07:32:48.428687"
      }
    },
    {
      "type": "Feature",
      "geometry": {
        "type": "LineString",
        "coordinates": [
          [
            25.754677,
            59.839682
          ],
          [
            25.754393,
            59.839902
          ],
          [
            25.7541,
            59.840158
          ],
          [
            25.7543,
            59.840042
          ],
          [
            25.754273,
            59.840035
          ],
          [
            25.754108,
            59.840255
          ],
          [
            25.754077,
            59.840197
          ],
          [
            25.753872,
            59.84048
          ],
          [
            25.753775,
            59.841177
          ],
          [
            25.753752,
            59.84159
          ],
          [
            25.754077,
            59.841832
          ]
        ]
      },
      "properties": {
        "mmsi": 352005806,
        "points": 11,
        "start": "2026-09-30T04:46:46.576420",
        "end": "2026-09-30T07:32:48.428687"
      }
    },
    {
      "type": "Feature",
      "geometry": {
        "type": "LineString",
        "coordinates": [
          [
            24.660432,
            59.458632
          ],
          [
            24.660432,
            59.458632
          ],
          [
            24.660432,
            59.458632
          ],
          [
            24.660432,
            59.458632
          ],
          [
            24.660467,
            59.458728
          ],
          [
            24.660467,
            59.458728
          ],
          [
            24.660467,
            59.458728
          ],
          [
            24.660467,
            59.458728
          ],
          [
            24.660467,
            59.458728
          ],
          [
            24.660467,
            59.458728
          ],
          [
            24.660467,
            59.458728
          ]
        ]
      },
      "properties": {
        "mmsi": 352006699,
        "points": 11,
        "start": "2026-09-30T04:46:46.576420",
        "end": "2026-09-30T07:32:48.428687"
      }
    },
    {
      "type": "Feature",
      "geometry": {
        "type": "LineString",
        "coordinates": [
          [
            25.93368,
            59.852105
          ],
          [
            25.933647,
            59.852112
          ],
          [
            25.933653,
            59.8521
          ],
          [
            25.933765,
            59.852077
          ],
          [
            25.933725,
            59.852105
          ],
          [
            25.933643,
            59.852135
          ],
          [
            25.933603,
            59.852162
          ],
          [
            25.933613,
            59.852207
          ],
          [
            25.934332,
            59.852715
          ],
          [
            25.932718,
            59.852657
          ],
          [
            25.932255,
            59.852538
          ]
        ]
      },
      "properties": {
        "mmsi": 354235000,
        "points": 11,
        "start": "2026-09-30T04:46:46.576420",
        "end": "2026-09-30T07:32:48.428687"
      }
    },
    {
      "type": "Feature",
      "geometry": {
        "type": "LineString",
        "coordinates": [
          [
            24.02996,
            59.641533
          ],
          [
            24.189408,
            59.672777
          ],
          [
            24.290148,
            59.692413
          ],
          [
            24.389365,
            59.711518
          ],
          [
            24.455377,
            59.71993
          ],
          [
            24.648293,
            59.743913
          ],
          [
            24.931015,
            59.77845
          ],
          [
            25.0737,
            59.797487
          ],
          [
            25.307602,
            59.823717
          ]
        ]
      },
      "properties": {
        "mmsi": 354537000,
        "points": 9,
        "start": "2026-09-30T05:07:57.583814",
        "end": "2026-09-30T07:32:48.428687"
      }
    },
    {
      "type": "Feature",
      "geometry": {
        "type": "LineString",
        "coordinates": [
          [
            24.733095,
            59.761578
          ],
          [
            24.805788,
            59.768262
          ],
          [
            24.90818,
            59.779365
          ],
          [
            25.060235,
            59.795
          ],
          [
            25.154973,
            59.806205
          ],
          [
            25.246492,
            59.817865
          ],
          [
            25.305917,
            59.824513
          ],
          [
            25.48315,
            59.843082
          ],
          [
            25.748928,
            59.87267
          ],
          [
            25.88024,
            59.889987
          ],
          [
            26.09431,
            59.923848
          ]
        ]
      },
      "properties": {
        "mmsi": 354962000,
        "points": 11,
        "start": "2026-09-30T04:46:46.576420",
        "end": "2026-09-30T07:32:48.428687"
      }
    },
    {
      "type": "Feature",
      "geometry": {
        "type": "LineString",
        "coordinates": [
          [
            24.9553,
            59.49475
          ],
          [
            24.95535,
            59.494783
          ],
          [
            24.955533,
            59.494867
          ],
          [
            24.955317,
            59.494733
          ],
          [
            24.955283,
            59.494717
          ],
          [
            24.955367,
            59.494717
          ],
          [
            24.95535,
            59.494733
          ],
          [
            24.955333,
            59.494733
          ],
          [
            24.955317,
            59.4948
          ],
          [
            24.95535,
            59.49475
          ],
          [
            24.9553,
            59.494683
          ]
        ]
      },
      "properties": {
        "mmsi": 371716000,
        "points": 11,
        "start": "2026-09-30T04:46:46.576420",
        "end": "2026-09-30T07:32:48.428687"
      }
    },
    {
      "type": "Feature",
      "geometry": {
        "type": "LineString",
        "coordinates": [
          [
            25.9458,
            59.838217
          ],
          [
            25.9455,
            59.838267
          ],
          [
            25.945617,
            59.838317
          ],
          [
            25.9455,
            59.838283
          ],
          [
            25.945533,
            59.838333
          ],
          [
            25.945317,
            59.838367
          ],
          [
            25.9455,
            59.838367
          ],
          [
            25.945017,
            59.838583
          ],
          [
            25.9451,
            59.838583
          ],
          [
            25.944633,
            59.838817
          ],
          [
            25.944867,
            59.838833
          ]
        ]
      },
      "properties": {
        "mmsi": 373440000,
        "points": 11,
        "start": "2026-09-30T04:46:46.576420",
        "end": "2026-09-30T07:32:48.428687"
      }
    },
    {
      "type": "Feature",
      "geometry": {
        "type": "LineString",
        "coordinates": [
          [
            24.660063,
            59.458897
          ],
          [
            24.660053,
            59.458915
          ],
          [
            24.66,
            59.458885
          ],
          [
            24.660085,
            59.458908
          ],
          [
            24.660095,
            59.45893
          ],
          [
            24.660027,
            59.458918
          ],
          [
            24.66009,
            59.458913
          ],
          [
            24.66004,
            59.45892
          ],
          [
            24.660278,
            59.458463
          ],
          [
            24.660998,
            59.45852
          ],
          [
            24.66001,
            59.458797
          ]
        ]
      },
      "properties": {
        "mmsi": 374357000,
        "points": 11,
        "start": "2026-09-30T04:46:46.576420",
        "end": "2026-09-30T07:32:48.428687"
      }
    },
    {
      "type": "Feature",
      "geometry": {
        "type": "LineString",
        "coordinates": [
          [
            24.18784,
            59.756552
          ],
          [
            24.134925,
            59.745473
          ],
          [
            24.060708,
            59.73051
          ]
        ]
      },
      "properties": {
        "mmsi": 413494710,
        "points": 3,
        "start": "2026-09-30T04:46:46.576420",
        "end": "2026-09-30T05:07:57.583814"
      }
    },
    {
      "type": "Feature",
      "geometry": {
        "type": "LineString",
        "coordinates": [
          [
            26.055458,
            59.84179
          ],
          [
            26.055477,
            59.841755
          ],
          [
            26.055505,
            59.841778
          ],
          [
            26.055503,
            59.841783
          ],
          [
            26.055423,
            59.84178
          ],
          [
            26.05558,
            59.841738
          ],
          [
            26.055498,
            59.84173
          ],
          [
            26.054957,
            59.842343
          ],
          [
            26.054835,
            59.842283
          ],
          [
            26.054695,
            59.842652
          ],
          [
            26.054638,
            59.84281
          ]
        ]
      },
      "properties": {
        "mmsi": 414485000,
        "points": 11,
        "start": "2026-09-30T04:46:46.576420",
        "end": "2026-09-30T07:32:48.428687"
      }
    },
    {
      "type": "Feature",
      "geometry": {
        "type": "LineString",
        "coordinates": [
          [
            26.908235,
            59.99956
          ],
          [
            26.813717,
            60.00734
          ],
          [
            26.655197,
            60.019013
          ]
        ]
      },
      "properties": {
        "mmsi": 422000124,
        "points": 3,
        "start": "2026-09-30T06:49:35.872600",
        "end": "2026-09-30T07:32:48.428687"
      }
    },
    {
      "type": "Feature",
      "geometry": {
        "type": "LineString",
        "coordinates": [
          [
            25.69931,
            59.830617
          ],
          [
            25.699328,
            59.830645
          ],
          [
            25.699268,
            59.830702
          ],
          [
            25.699223,
            59.830698
          ],
          [
            25.69898,
            59.830745
          ],
          [
            25.698827,
            59.83086
          ],
          [
            25.698745,
            59.830802
          ],
          [
            25.698242,
            59.831138
          ],
          [
            25.697822,
            59.831433
          ],
          [
            25.697545,
            59.831598
          ],
          [
            25.696962,
            59.832127
          ]
        ]
      },
      "properties": {
        "mmsi": 461000237,
        "points": 11,
        "start": "2026-09-30T04:46:46.576420",
        "end": "2026-09-30T07:32:48.428687"
      }
    },
    {
      "type": "Feature",
      "geometry": {
        "type": "LineString",
        "coordinates": [
          [
            26.03075,
            59.86338
          ],
          [
            26.031058,
            59.863262
          ],
          [
            26.030807,
            59.863368
          ],
          [
            26.031133,
            59.8632
          ],
          [
            26.03074,
            59.863372
          ],
          [
            26.030842,
            59.863365
          ],
          [
            26.030738,
            59.863383
          ],
          [
            26.030627,
            59.863505
          ],
          [
            26.030397,
            59.863682
          ],
          [
            26.030335,
            59.863738
          ],
          [
            26.030313,
            59.86404
          ]
        ]
      },
      "properties": {
        "mmsi": 477151900,
        "points": 11,
        "start": "2026-09-30T04:46:46.576420",
        "end": "2026-09-30T07:32:48.428687"
      }
    },
    {
      "type": "Feature",
      "geometry": {
        "type": "LineString",
        "coordinates": [
          [
            26.116803,
            59.882273
          ],
          [
            26.11682,
            59.882233
          ],
          [
            26.116567,
            59.882433
          ],
          [
            26.116838,
            59.882223
          ],
          [
            26.11652,
            59.882315
          ],
          [
            26.116317,
            59.882433
          ],
          [
            26.116412,
            59.882467
          ],
          [
            26.116175,
            59.882758
          ],
          [
            26.115977,
            59.882837
          ],
          [
            26.115248,
            59.883262
          ],
          [
            26.115425,
            59.883517
          ]
        ]
      },
      "properties": {
        "mmsi": 477223800,
        "points": 11,
        "start": "2026-09-30T04:46:46.576420",
        "end": "2026-09-30T07:32:48.428687"
      }
    },
    {
      "type": "Feature",
      "geometry": {
        "type": "LineString",
        "coordinates": [
          [
            25.79101,
            59.840687
          ],
          [
            25.790865,
            59.840712
          ],
          [
            25.79072,
            59.840865
          ],
          [
            25.790773,
            59.840875
          ],
          [
            25.790648,
            59.840937
          ],
          [
            25.790477,
            59.84086
          ],
          [
            25.790568,
            59.840978
          ],
          [
            25.790558,
            59.841097
          ],
          [
            25.79012,
            59.84154
          ],
          [
            25.790078,
            59.84179
          ],
          [
            25.790197,
            59.841822
          ]
        ]
      },
      "properties": {
        "mmsi": 511101557,
        "points": 11,
        "start": "2026-09-30T04:46:46.576420",
        "end": "2026-09-30T07:32:48.428687"
      }
    },
    {
      "type": "Feature",
      "geometry": {
        "type": "LineString",
        "coordinates": [
          [
            26.313142,
            59.990243
          ],
          [
            26.263418,
            59.98432
          ],
          [
            26.193262,
            59.976327
          ],
          [
            26.08863,
            59.962712
          ],
          [
            26.023428,
            59.953458
          ],
          [
            25.958837,
            59.944143
          ],
          [
            25.918483,
            59.938292
          ],
          [
            25.800913,
            59.922132
          ],
          [
            25.620128,
            59.904327
          ],
          [
            25.528797,
            59.896365
          ],
          [
            25.377207,
            59.881567
          ]
        ]
      },
      "properties": {
        "mmsi": 538005431,
        "points": 11,
        "start": "2026-09-30T04:46:46.576420",
        "end": "2026-09-30T07:32:48.428687"
      }
    },
    {
      "type": "Feature",
      "geometry": {
        "type": "LineString",
        "coordinates": [
          [
            26.971572,
            59.99194
          ],
          [
            26.785878,
            60.008083
          ],
          [
            26.692965,
            60.016368
          ],
          [
            26.538958,
            60.01884
          ]
        ]
      },
      "properties": {
        "mmsi": 538006959,
        "points": 4,
        "start": "2026-09-30T06:18:06.753566",
        "end": "2026-09-30T07:32:48.428687"
      }
    },
    {
      "type": "Feature",
      "geometry": {
        "type": "LineString",
        "coordinates": [
          [
            26.08408,
            59.877755
          ],
          [
            26.084287,
            59.877645
          ],
          [
            26.08422,
            59.8776
          ],
          [
            26.084127,
            59.87767
          ],
          [
            26.08409,
            59.877655
          ],
          [
            26.084237,
            59.877793
          ],
          [
            26.084025,
            59.877698
          ],
          [
            26.083838,
            59.877892
          ],
          [
            26.083632,
            59.877957
          ],
          [
            26.08343,
            59.878208
          ],
          [
            26.083212,
            59.87859
          ]
        ]
      },
      "properties": {
        "mmsi": 538007150,
        "points": 11,
        "start": "2026-09-30T04:46:46.576420",
        "end": "2026-09-30T07:32:48.428687"
      }
    },
    {
      "type": "Feature",
      "geometry": {
        "type": "LineString",
        "coordinates": [
          [
            26.611897,
            60.02282
          ],
          [
            26.553543,
            60.021945
          ],
          [
            26.471012,
            60.012925
          ],
          [
            26.349375,
            59.996048
          ],
          [
            26.272525,
            59.985622
          ],
          [
            26.196463,
            59.97621
          ],
          [
            26.149377,
            59.97021
          ],
          [
            26.007955,
            59.951987
          ],
          [
            25.798957,
            59.923107
          ],
          [
            25.693302,
            59.909573
          ],
          [
            25.515615,
            59.892382
          ]
        ]
      },
      "properties": {
        "mmsi": 538007258,
        "points": 11,
        "start": "2026-09-30T04:46:46.576420",
        "end": "2026-09-30T07:32:48.428687"
      }
    },
    {
      "type": "Feature",
      "geometry": {
        "type": "LineString",
        "coordinates": [
          [
            25.9099,
            59.837067
          ],
          [
            25.91,
            59.837083
          ],
          [
            25.909783,
            59.8371
          ],
          [
            25.910017,
            59.836983
          ],
          [
            25.9098,
            59.837133
          ],
          [
            25.9095,
            59.837117
          ],
          [
            25.909467,
            59.837233
          ],
          [
            25.90945,
            59.837283
          ],
          [
            25.908783,
            59.837733
          ],
          [
            25.908883,
            59.837733
          ],
          [
            25.908667,
            59.837983
          ]
        ]
      },
      "properties": {
        "mmsi": 538008785,
        "points": 11,
        "start": "2026-09-30T04:46:46.576420",
        "end": "2026-09-30T07:32:48.428687"
      }
    },
    {
      "type": "Feature",
      "geometry": {
        "type": "LineString",
        "coordinates": [
          [
            26.222102,
            59.914735
          ],
          [
            26.22186,
            59.914793
          ],
          [
            26.222202,
            59.914628
          ],
          [
            26.222197,
            59.914662
          ],
          [
            26.22202,
            59.914728
          ],
          [
            26.221642,
            59.914867
          ],
          [
            26.221895,
            59.914897
          ],
          [
            26.221418,
            59.915153
          ],
          [
            26.220777,
            59.91576
          ],
          [
            26.220773,
            59.915845
          ],
          [
            26.22085,
            59.916313
          ]
        ]
      },
      "properties": {
        "mmsi": 538010447,
        "points": 11,
        "start": "2026-09-30T04:46:46.576420",
        "end": "2026-09-30T07:32:48.428687"
      }
    },
    {
      "type": "Feature",
      "geometry": {
        "type": "LineString",
        "coordinates": [
          [
            25.957377,
            59.86335
          ],
          [
            25.95782,
            59.863177
          ],
          [
            25.957248,
            59.863343
          ],
          [
            25.956668,
            59.862918
          ],
          [
            25.956297,
            59.863055
          ],
          [
            25.95611,
            59.863143
          ],
          [
            25.956307,
            59.863072
          ],
          [
            25.955845,
            59.86319
          ],
          [
            25.955327,
            59.86358
          ],
          [
            25.955297,
            59.86353
          ],
          [
            25.955352,
            59.864247
          ]
        ]
      },
      "properties": {
        "mmsi": 538010610,
        "points": 11,
        "start": "2026-09-30T04:46:46.576420",
        "end": "2026-09-30T07:32:48.428687"
      }
    },
    {
      "type": "Feature",
      "geometry": {
        "type": "LineString",
        "coordinates": [
          [
            25.829627,
            59.839095
          ],
          [
            25.829565,
            59.839132
          ],
          [
            25.8293,
            59.839255
          ],
          [
            25.829323,
            59.839235
          ],
          [
            25.829288,
            59.839205
          ],
          [
            25.829192,
            59.839268
          ],
          [
            25.829102,
            59.839238
          ],
          [
            25.828968,
            59.839377
          ],
          [
            25.828523,
            59.839745
          ],
          [
            25.828715,
            59.839732
          ],
          [
            25.828583,
            59.839893
          ]
        ]
      },
      "properties": {
        "mmsi": 538011530,
        "points": 11,
        "start": "2026-09-30T04:46:46.576420",
        "end": "2026-09-30T07:32:48.428687"
      }
    },
    {
      "type": "Feature",
      "geometry": {
        "type": "LineString",
        "coordinates": [
          [
            25.547242,
            59.858432
          ],
          [
            25.558568,
            59.875662
          ],
          [
            25.552195,
            59.90951
          ],
          [
            25.54287,
            59.954623
          ],
          [
            25.53817,
            59.983878
          ],
          [
            25.542615,
            60.014762
          ],
          [
            25.55619,
            60.033767
          ],
          [
            25.59867,
            60.082468
          ],
          [
            25.655923,
            60.149783
          ],
          [
            25.624878,
            60.188645
          ],
          [
            25.566628,
            60.254627
          ]
        ]
      },
      "properties": {
        "mmsi": 538012731,
        "points": 11,
        "start": "2026-09-30T04:46:46.576420",
        "end": "2026-09-30T07:32:48.428687"
      }
    },
    {
      "type": "Feature",
      "geometry": {
        "type": "LineString",
        "coordinates": [
          [
            25.607483,
            59.832638
          ],
          [
            25.607462,
            59.832317
          ],
          [
            25.607228,
            59.832373
          ],
          [
            25.60721,
            59.832613
          ],
          [
            25.607062,
            59.832655
          ],
          [
            25.607123,
            59.832732
          ],
          [
            25.60708,
            59.83277
          ],
          [
            25.606717,
            59.833058
          ],
          [
            25.606648,
            59.833867
          ],
          [
            25.606912,
            59.834142
          ],
          [
            25.607142,
            59.834683
          ]
        ]
      },
      "properties": {
        "mmsi": 538013084,
        "points": 11,
        "start": "2026-09-30T04:46:46.576420",
        "end": "2026-09-30T07:32:48.428687"
      }
    },
    {
      "type": "Feature",
      "geometry": {
        "type": "LineString",
        "coordinates": [
          [
            25.466405,
            59.822115
          ],
          [
            25.466063,
            59.822163
          ],
          [
            25.46609,
            59.822283
          ],
          [
            25.466112,
            59.822208
          ],
          [
            25.466037,
            59.822342
          ],
          [
            25.465732,
            59.82245
          ],
          [
            25.465583,
            59.822563
          ],
          [
            25.465825,
            59.822518
          ],
          [
            25.46556,
            59.8227
          ],
          [
            25.46543,
            59.823033
          ],
          [
            25.465218,
            59.823145
          ]
        ]
      },
      "properties": {
        "mmsi": 538090702,
        "points": 11,
        "start": "2026-09-30T04:46:46.576420",
        "end": "2026-09-30T07:32:48.428687"
      }
    },
    {
      "type": "Feature",
      "geometry": {
        "type": "LineString",
        "coordinates": [
          [
            24.952008,
            59.496417
          ],
          [
            24.952018,
            59.496457
          ],
          [
            24.952013,
            59.496423
          ],
          [
            24.952033,
            59.496418
          ],
          [
            24.952045,
            59.496447
          ],
          [
            24.952045,
            59.496447
          ],
          [
            24.952022,
            59.496435
          ],
          [
            24.952043,
            59.49643
          ],
          [
            24.952022,
            59.496447
          ],
          [
            24.95203,
            59.496442
          ],
          [
            24.95199,
            59.49644
          ]
        ]
      },
      "properties": {
        "mmsi": 566211000,
        "points": 11,
        "start": "2026-09-30T04:46:46.576420",
        "end": "2026-09-30T07:32:48.428687"
      }
    },
    {
      "type": "Feature",
      "geometry": {
        "type": "LineString",
        "coordinates": [
          [
            26.027233,
            59.830417
          ],
          [
            26.027183,
            59.83045
          ],
          [
            26.0271,
            59.830433
          ],
          [
            26.027067,
            59.830417
          ],
          [
            26.027083,
            59.830467
          ],
          [
            26.026917,
            59.830517
          ],
          [
            26.0269,
            59.83055
          ],
          [
            26.0266,
            59.830767
          ],
          [
            26.02635,
            59.83105
          ],
          [
            26.026217,
            59.831083
          ],
          [
            26.02635,
            59.83115
          ]
        ]
      },
      "properties": {
        "mmsi": 572142220,
        "points": 11,
        "start": "2026-09-30T04:46:46.576420",
        "end": "2026-09-30T07:32:48.428687"
      }
    },
    {
      "type": "Feature",
      "geometry": {
        "type": "LineString",
        "coordinates": [
          [
            26.007583,
            59.828467
          ],
          [
            26.0073,
            59.82845
          ],
          [
            26.007383,
            59.828383
          ],
          [
            26.00755,
            59.82845
          ],
          [
            26.00725,
            59.828617
          ],
          [
            26.007683,
            59.828467
          ],
          [
            26.00775,
            59.828307
          ],
          [
            26.00741,
            59.828497
          ],
          [
            26.007017,
            59.828683
          ],
          [
            26.006617,
            59.829033
          ],
          [
            26.00685,
            59.829033
          ]
        ]
      },
      "properties": {
        "mmsi": 574005400,
        "points": 11,
        "start": "2026-09-30T04:46:46.576420",
        "end": "2026-09-30T07:32:48.428687"
      }
    },
    {
      "type": "Feature",
      "geometry": {
        "type": "LineString",
        "coordinates": [
          [
            25.275923,
            59.809913
          ],
          [
            25.311393,
            59.812717
          ],
          [
            25.360827,
            59.817085
          ],
          [
            25.434737,
            59.828032
          ],
          [
            25.481672,
            59.835633
          ],
          [
            25.528397,
            59.841705
          ],
          [
            25.557532,
            59.845237
          ],
          [
            25.646167,
            59.854333
          ],
          [
            25.78051,
            59.862093
          ],
          [
            25.847563,
            59.867027
          ],
          [
            25.941462,
            59.874378
          ]
        ]
      },
      "properties": {
        "mmsi": 631010120,
        "points": 11,
        "start": "2026-09-30T04:46:46.576420",
        "end": "2026-09-30T07:32:48.428687"
      }
    },
    {
      "type": "Feature",
      "geometry": {
        "type": "LineString",
        "coordinates": [
          [
            26.071888,
            59.889655
          ],
          [
            26.071273,
            59.889853
          ],
          [
            26.071485,
            59.88981
          ],
          [
            26.07228,
            59.889397
          ],
          [
            26.07208,
            59.88951
          ],
          [
            26.071203,
            59.8898
          ],
          [
            26.07122,
            59.889907
          ],
          [
            26.070972,
            59.890022
          ],
          [
            26.071195,
            59.889883
          ],
          [
            26.070578,
            59.890713
          ],
          [
            26.07074,
            59.890898
          ]
        ]
      },
      "properties": {
        "mmsi": 631010121,
        "points": 11,
        "start": "2026-09-30T04:46:46.576420",
        "end": "2026-09-30T07:32:48.428687"
      }
    },
    {
      "type": "Feature",
      "geometry": {
        "type": "LineString",
        "coordinates": [
          [
            25.916503,
            59.818447
          ],
          [
            25.916728,
            59.818372
          ],
          [
            25.916418,
            59.818432
          ],
          [
            25.916265,
            59.818478
          ],
          [
            25.916153,
            59.818225
          ],
          [
            25.916315,
            59.81815
          ],
          [
            25.916105,
            59.818285
          ],
          [
            25.916048,
            59.81831
          ],
          [
            25.915655,
            59.818497
          ],
          [
            25.915723,
            59.818585
          ],
          [
            25.915828,
            59.8185
          ]
        ]
      },
      "properties": {
        "mmsi": 636015227,
        "points": 11,
        "start": "2026-09-30T04:46:46.576420",
        "end": "2026-09-30T07:32:48.428687"
      }
    },
    {
      "type": "Feature",
      "geometry": {
        "type": "LineString",
        "coordinates": [
          [
            25.732237,
            59.824452
          ],
          [
            25.732125,
            59.824518
          ],
          [
            25.73182,
            59.824595
          ],
          [
            25.731453,
            59.824818
          ],
          [
            25.731612,
            59.824725
          ],
          [
            25.731367,
            59.824862
          ],
          [
            25.731517,
            59.824825
          ],
          [
            25.731028,
            59.82523
          ],
          [
            25.730688,
            59.825687
          ],
          [
            25.730663,
            59.825915
          ],
          [
            25.730592,
            59.825838
          ]
        ]
      },
      "properties": {
        "mmsi": 636015430,
        "points": 11,
        "start": "2026-09-30T04:46:46.576420",
        "end": "2026-09-30T07:32:48.428687"
      }
    },
    {
      "type": "Feature",
      "geometry": {
        "type": "LineString",
        "coordinates": [
          [
            25.934238,
            59.820972
          ],
          [
            25.934287,
            59.82094
          ],
          [
            25.934295,
            59.820877
          ],
          [
            25.933905,
            59.821005
          ],
          [
            25.934262,
            59.820887
          ],
          [
            25.934038,
            59.820992
          ],
          [
            25.934092,
            59.820985
          ],
          [
            25.933837,
            59.821255
          ],
          [
            25.933442,
            59.821443
          ],
          [
            25.93297,
            59.821937
          ],
          [
            25.933505,
            59.821645
          ]
        ]
      },
      "properties": {
        "mmsi": 636015701,
        "points": 11,
        "start": "2026-09-30T04:46:46.576420",
        "end": "2026-09-30T07:32:48.428687"
      }
    },
    {
      "type": "Feature",
      "geometry": {
        "type": "LineString",
        "coordinates": [
          [
            25.994367,
            59.882433
          ],
          [
            25.994417,
            59.882533
          ],
          [
            25.99465,
            59.882217
          ],
          [
            25.994483,
            59.882217
          ],
          [
            25.99435,
            59.882317
          ],
          [
            25.994467,
            59.8824
          ],
          [
            25.993967,
            59.88255
          ],
          [
            25.994,
            59.882533
          ],
          [
            25.993883,
            59.882817
          ],
          [
            25.99335,
            59.883067
          ],
          [
            25.993383,
            59.883517
          ]
        ]
      },
      "properties": {
        "mmsi": 636018294,
        "points": 11,
        "start": "2026-09-30T04:46:46.576420",
        "end": "2026-09-30T07:32:48.428687"
      }
    },
    {
      "type": "Feature",
      "geometry": {
        "type": "LineString",
        "coordinates": [
          [
            25.478715,
            59.805563
          ],
          [
            25.510433,
            59.809418
          ],
          [
            25.556157,
            59.815592
          ],
          [
            25.61759,
            59.82527
          ],
          [
            25.64191,
            59.828802
          ],
          [
            25.650222,
            59.831108
          ],
          [
            25.648253,
            59.8314
          ],
          [
            25.643578,
            59.832407
          ],
          [
            25.637187,
            59.833402
          ],
          [
            25.660477,
            59.830813
          ],
          [
            25.669558,
            59.830092
          ]
        ]
      },
      "properties": {
        "mmsi": 636018491,
        "points": 11,
        "start": "2026-09-30T04:46:46.576420",
        "end": "2026-09-30T07:32:48.428687"
      }
    },
    {
      "type": "Feature",
      "geometry": {
        "type": "LineString",
        "coordinates": [
          [
            24.081203,
            59.647658
          ],
          [
            24.141627,
            59.672535
          ],
          [
            24.231383,
            59.691775
          ]
        ]
      },
      "properties": {
        "mmsi": 636021925,
        "points": 3,
        "start": "2026-09-30T06:49:35.872600",
        "end": "2026-09-30T07:32:48.428687"
      }
    },
    {
      "type": "Feature",
      "geometry": {
        "type": "LineString",
        "coordinates": [
          [
            25.842053,
            59.853087
          ],
          [
            25.841742,
            59.853227
          ],
          [
            25.841408,
            59.853252
          ],
          [
            25.841468,
            59.853243
          ],
          [
            25.841645,
            59.853263
          ],
          [
            25.841015,
            59.853443
          ],
          [
            25.840972,
            59.853437
          ],
          [
            25.841453,
            59.853422
          ],
          [
            25.840648,
            59.85372
          ],
          [
            25.840493,
            59.854112
          ],
          [
            25.84012,
            59.854282
          ]
        ]
      },
      "properties": {
        "mmsi": 636022514,
        "points": 11,
        "start": "2026-09-30T04:46:46.576420",
        "end": "2026-09-30T07:32:48.428687"
      }
    },
    {
      "type": "Feature",
      "geometry": {
        "type": "LineString",
        "coordinates": [
          [
            25.367418,
            59.805915
          ],
          [
            25.367288,
            59.805978
          ],
          [
            25.3675,
            59.805865
          ],
          [
            25.367188,
            59.806032
          ],
          [
            25.367487,
            59.805917
          ],
          [
            25.367362,
            59.805947
          ],
          [
            25.367285,
            59.806003
          ],
          [
            25.367228,
            59.806085
          ],
          [
            25.36688,
            59.806402
          ],
          [
            25.366858,
            59.806442
          ],
          [
            25.366855,
            59.806507
          ]
        ]
      },
      "properties": {
        "mmsi": 636025668,
        "points": 11,
        "start": "2026-09-30T04:46:46.576420",
        "end": "2026-09-30T07:32:48.428687"
      }
    },
    {
      "type": "Feature",
      "geometry": {
        "type": "LineString",
        "coordinates": [
          [
            25.539685,
            59.83293
          ],
          [
            25.53934,
            59.832923
          ],
          [
            25.539973,
            59.832698
          ],
          [
            25.539077,
            59.83302
          ],
          [
            25.539415,
            59.832905
          ],
          [
            25.53921,
            59.833005
          ],
          [
            25.539147,
            59.833007
          ],
          [
            25.538722,
            59.833292
          ],
          [
            25.538635,
            59.8335
          ],
          [
            25.538557,
            59.833622
          ],
          [
            25.538098,
            59.834125
          ]
        ]
      },
      "properties": {
        "mmsi": 636026561,
        "points": 11,
        "start": "2026-09-30T04:46:46.576420",
        "end": "2026-09-30T07:32:48.428687"
      }
    },
    {
      "type": "Feature",
      "geometry": {
        "type": "LineString",
        "coordinates": [
          [
            26.021233,
            59.877157
          ],
          [
            26.020893,
            59.87733
          ],
          [
            26.021173,
            59.877213
          ],
          [
            26.021222,
            59.877133
          ],
          [
            26.020815,
            59.877418
          ],
          [
            26.020738,
            59.87748
          ],
          [
            26.020893,
            59.877402
          ],
          [
            26.020435,
            59.877748
          ],
          [
            26.020443,
            59.87769
          ],
          [
            26.020332,
            59.877833
          ],
          [
            26.02021,
            59.878237
          ]
        ]
      },
      "properties": {
        "mmsi": 636026647,
        "points": 11,
        "start": "2026-09-30T04:46:46.576420",
        "end": "2026-09-30T07:32:48.428687"
      }
    },
    {
      "type": "Feature",
      "geometry": {
        "type": "LineString",
        "coordinates": [
          [
            25.875802,
            59.838172
          ],
          [
            25.875182,
            59.838253
          ],
          [
            25.875803,
            59.838073
          ],
          [
            25.875647,
            59.83804
          ],
          [
            25.874952,
            59.838345
          ],
          [
            25.875023,
            59.838253
          ],
          [
            25.875643,
            59.83812
          ],
          [
            25.874958,
            59.838452
          ],
          [
            25.874663,
            59.83858
          ],
          [
            25.874168,
            59.83885
          ],
          [
            25.874307,
            59.838958
          ]
        ]
      },
      "properties": {
        "mmsi": 636093290,
        "points": 11,
        "start": "2026-09-30T04:46:46.576420",
        "end": "2026-09-30T07:32:48.428687"
      }
    },
    {
      "type": "Feature",
      "geometry": {
        "type": "LineString",
        "coordinates": [
          [
            25.762273,
            59.87635
          ],
          [
            25.82306,
            59.882922
          ],
          [
            25.909247,
            59.891957
          ],
          [
            26.03484,
            59.907895
          ],
          [
            26.114053,
            59.919303
          ],
          [
            26.192508,
            59.93024
          ],
          [
            26.241507,
            59.93732
          ],
          [
            26.389018,
            59.955482
          ],
          [
            26.609557,
            59.985668
          ],
          [
            26.725317,
            59.99043
          ],
          [
            26.915072,
            59.975615
          ]
        ]
      },
      "properties": {
        "mmsi": 636093369,
        "points": 11,
        "start": "2026-09-30T04:46:46.576420",
        "end": "2026-09-30T07:32:48.428687"
      }
    },
    {
      "type": "Feature",
      "geometry": {
        "type": "LineString",
        "coordinates": [
          [
            24.960073,
            59.492538
          ],
          [
            24.960153,
            59.492582
          ],
          [
            24.960155,
            59.49257
          ],
          [
            24.96015,
            59.49256
          ],
          [
            24.960173,
            59.492555
          ],
          [
            24.96015,
            59.492562
          ],
          [
            24.960218,
            59.492558
          ],
          [
            24.960148,
            59.492555
          ],
          [
            24.960118,
            59.492528
          ],
          [
            24.960165,
            59.492552
          ],
          [
            24.96016,
            59.492585
          ]
        ]
      },
      "properties": {
        "mmsi": 636093386,
        "points": 11,
        "start": "2026-09-30T04:46:46.576420",
        "end": "2026-09-30T07:32:48.428687"
      }
    },
    {
      "type": "Feature",
      "geometry": {
        "type": "LineString",
        "coordinates": [
          [
            26.073828,
            59.86145
          ],
          [
            26.073898,
            59.861395
          ],
          [
            26.073988,
            59.861363
          ],
          [
            26.073942,
            59.861395
          ],
          [
            26.073873,
            59.861365
          ],
          [
            26.073692,
            59.86149
          ],
          [
            26.073743,
            59.861495
          ],
          [
            26.073562,
            59.861625
          ],
          [
            26.073373,
            59.861745
          ],
          [
            26.07334,
            59.861875
          ],
          [
            26.07319,
            59.862132
          ]
        ]
      },
      "properties": {
        "mmsi": 636093435,
        "points": 11,
        "start": "2026-09-30T04:46:46.576420",
        "end": "2026-09-30T07:32:48.428687"
      }
    },
    {
      "type": "Feature",
      "geometry": {
        "type": "LineString",
        "coordinates": [
          [
            26.048523,
            59.868323
          ],
          [
            26.04851,
            59.868407
          ],
          [
            26.048557,
            59.868268
          ],
          [
            26.04861,
            59.868128
          ],
          [
            26.048773,
            59.868007
          ],
          [
            26.048747,
            59.868035
          ],
          [
            26.04857,
            59.868072
          ],
          [
            26.048215,
            59.868438
          ],
          [
            26.047988,
            59.86855
          ],
          [
            26.047827,
            59.868655
          ],
          [
            26.047773,
            59.869025
          ]
        ]
      },
      "properties": {
        "mmsi": 667002314,
        "points": 11,
        "start": "2026-09-30T04:46:46.576420",
        "end": "2026-09-30T07:32:48.428687"
      }
    },
    {
      "type": "Feature",
      "geometry": {
        "type": "LineString",
        "coordinates": [
          [
            25.566567,
            59.836467
          ],
          [
            25.566763,
            59.83624
          ],
          [
            25.566432,
            59.836483
          ],
          [
            25.56665,
            59.83674
          ],
          [
            25.566723,
            59.83676
          ],
          [
            25.56644,
            59.836913
          ],
          [
            25.566388,
            59.837048
          ],
          [
            25.566952,
            59.837297
          ],
          [
            25.567952,
            59.838295
          ],
          [
            25.568495,
            59.838428
          ],
          [
            25.568773,
            59.838668
          ]
        ]
      },
      "properties": {
        "mmsi": 667002574,
        "points": 11,
        "start": "2026-09-30T04:46:46.576420",
        "end": "2026-09-30T07:32:48.428687"
      }
    }
  ]
}